  0
SECTION
  2
HEADER
  9
$ACADVER
  1
AC1027
  9
$ACADMAINTVER
 70
105
  9
$DWGCODEPAGE
  3
ANSI_1252
  9
$LASTSAVEDBY
  1
ezdxf
  9
$REQUIREDVERSIONS
160
0
  9
$INSBASE
 10
0.0
 20
0.0
 30
0.0
  9
$EXTMIN
 10
1e+20
 20
1e+20
 30
1e+20
  9
$EXTMAX
 10
-1e+20
 20
-1e+20
 30
-1e+20
  9
$LIMMIN
 10
0.0
 20
0.0
  9
$LIMMAX
 10
420.0
 20
297.0
  9
$ORTHOMODE
 70
0
  9
$REGENMODE
 70
1
  9
$FILLMODE
 70
1
  9
$QTEXTMODE
 70
0
  9
$MIRRTEXT
 70
1
  9
$LTSCALE
 40
1.0
  9
$ATTMODE
 70
1
  9
$TEXTSIZE
 40
2.5
  9
$TRACEWID
 40
1.0
  9
$TEXTSTYLE
  7
Standard
  9
$CLAYER
  8
0
  9
$CELTYPE
  6
ByLayer
  9
$CECOLOR
 62
256
  9
$CELTSCALE
 40
1.0
  9
$DISPSILH
 70
0
  9
$DIMSCALE
 40
1.0
  9
$DIMASZ
 40
2.5
  9
$DIMEXO
 40
0.625
  9
$DIMDLI
 40
3.75
  9
$DIMRND
 40
0.0
  9
$DIMDLE
 40
0.0
  9
$DIMEXE
 40
1.25
  9
$DIMTP
 40
0.0
  9
$DIMTM
 40
0.0
  9
$DIMTXT
 40
2.5
  9
$DIMCEN
 40
2.5
  9
$DIMTSZ
 40
0.0
  9
$DIMTOL
 70
0
  9
$DIMLIM
 70
0
  9
$DIMTIH
 70
0
  9
$DIMTOH
 70
0
  9
$DIMSE1
 70
0
  9
$DIMSE2
 70
0
  9
$DIMTAD
 70
1
  9
$DIMZIN
 70
8
  9
$DIMBLK
  1

  9
$DIMASO
 70
1
  9
$DIMSHO
 70
1
  9
$DIMPOST
  1

  9
$DIMAPOST
  1

  9
$DIMALT
 70
0
  9
$DIMALTD
 70
3
  9
$DIMALTF
 40
0.03937007874
  9
$DIMLFAC
 40
1.0
  9
$DIMTOFL
 70
1
  9
$DIMTVP
 40
0.0
  9
$DIMTIX
 70
0
  9
$DIMSOXD
 70
0
  9
$DIMSAH
 70
0
  9
$DIMBLK1
  1

  9
$DIMBLK2
  1

  9
$DIMSTYLE
  2
ISO-25
  9
$DIMCLRD
 70
0
  9
$DIMCLRE
 70
0
  9
$DIMCLRT
 70
0
  9
$DIMTFAC
 40
1.0
  9
$DIMGAP
 40
0.625
  9
$DIMJUST
 70
0
  9
$DIMSD1
 70
0
  9
$DIMSD2
 70
0
  9
$DIMTOLJ
 70
0
  9
$DIMTZIN
 70
8
  9
$DIMALTZ
 70
0
  9
$DIMALTTZ
 70
0
  9
$DIMUPT
 70
0
  9
$DIMDEC
 70
2
  9
$DIMTDEC
 70
2
  9
$DIMALTU
 70
2
  9
$DIMALTTD
 70
3
  9
$DIMTXSTY
  7
Standard
  9
$DIMAUNIT
 70
0
  9
$DIMADEC
 70
0
  9
$DIMALTRND
 40
0.0
  9
$DIMAZIN
 70
0
  9
$DIMDSEP
 70
44
  9
$DIMATFIT
 70
3
  9
$DIMFRAC
 70
0
  9
$DIMLDRBLK
  1

  9
$DIMLUNIT
 70
2
  9
$DIMLWD
 70
-2
  9
$DIMLWE
 70
-2
  9
$DIMTMOVE
 70
0
  9
$DIMFXL
 40
1.0
  9
$DIMFXLON
 70
0
  9
$DIMJOGANG
 40
0.785398163397
  9
$DIMTFILL
 70
0
  9
$DIMTFILLCLR
 70
0
  9
$DIMARCSYM
 70
0
  9
$DIMLTYPE
  6

  9
$DIMLTEX1
  6

  9
$DIMLTEX2
  6

  9
$DIMTXTDIRECTION
 70
0
  9
$LUNITS
 70
4
  9
$LUPREC
 70
4
  9
$SKETCHINC
 40
1.0
  9
$FILLETRAD
 40
10.0
  9
$AUNITS
 70
0
  9
$AUPREC
 70
2
  9
$MENU
  1
.
  9
$ELEVATION
 40
0.0
  9
$PELEVATION
 40
0.0
  9
$THICKNESS
 40
0.0
  9
$LIMCHECK
 70
0
  9
$CHAMFERA
 40
0.0
  9
$CHAMFERB
 40
0.0
  9
$CHAMFERC
 40
0.0
  9
$CHAMFERD
 40
0.0
  9
$SKPOLY
 70
0
  9
$TDCREATE
 40
2461322.6363541665
  9
$TDUCREATE
 40
2458532.153996898
  9
$TDUPDATE
 40
2461322.6363541665
  9
$TDUUPDATE
 40
2458532.1544311
  9
$TDINDWG
 40
0.0
  9
$TDUSRTIMER
 40
0.0
  9
$USRTIMER
 70
1
  9
$ANGBASE
 50
0.0
  9
$ANGDIR
 70
0
  9
$PDMODE
 70
0
  9
$PDSIZE
 40
0.0
  9
$PLINEWID
 40
0.0
  9
$SPLFRAME
 70
0
  9
$SPLINETYPE
 70
6
  9
$SPLINESEGS
 70
8
  9
$HANDSEED
  5
2B2
  9
$SURFTAB1
 70
6
  9
$SURFTAB2
 70
6
  9
$SURFTYPE
 70
6
  9
$SURFU
 70
6
  9
$SURFV
 70
6
  9
$UCSBASE
  2

  9
$UCSNAME
  2

  9
$UCSORG
 10
0.0
 20
0.0
 30
0.0
  9
$UCSXDIR
 10
1.0
 20
0.0
 30
0.0
  9
$UCSYDIR
 10
0.0
 20
1.0
 30
0.0
  9
$UCSORTHOREF
  2

  9
$UCSORTHOVIEW
 70
0
  9
$UCSORGTOP
 10
0.0
 20
0.0
 30
0.0
  9
$UCSORGBOTTOM
 10
0.0
 20
0.0
 30
0.0
  9
$UCSORGLEFT
 10
0.0
 20
0.0
 30
0.0
  9
$UCSORGRIGHT
 10
0.0
 20
0.0
 30
0.0
  9
$UCSORGFRONT
 10
0.0
 20
0.0
 30
0.0
  9
$UCSORGBACK
 10
0.0
 20
0.0
 30
0.0
  9
$PUCSBASE
  2

  9
$PUCSNAME
  2

  9
$PUCSORG
 10
0.0
 20
0.0
 30
0.0
  9
$PUCSXDIR
 10
1.0
 20
0.0
 30
0.0
  9
$PUCSYDIR
 10
0.0
 20
1.0
 30
0.0
  9
$PUCSORTHOREF
  2

  9
$PUCSORTHOVIEW
 70
0
  9
$PUCSORGTOP
 10
0.0
 20
0.0
 30
0.0
  9
$PUCSORGBOTTOM
 10
0.0
 20
0.0
 30
0.0
  9
$PUCSORGLEFT
 10
0.0
 20
0.0
 30
0.0
  9
$PUCSORGRIGHT
 10
0.0
 20
0.0
 30
0.0
  9
$PUCSORGFRONT
 10
0.0
 20
0.0
 30
0.0
  9
$PUCSORGBACK
 10
0.0
 20
0.0
 30
0.0
  9
$USERI1
 70
0
  9
$USERI2
 70
0
  9
$USERI3
 70
0
  9
$USERI4
 70
0
  9
$USERI5
 70
0
  9
$USERR1
 40
0.0
  9
$USERR2
 40
0.0
  9
$USERR3
 40
0.0
  9
$USERR4
 40
0.0
  9
$USERR5
 40
0.0
  9
$WORLDVIEW
 70
1
  9
$SHADEDGE
 70
3
  9
$SHADEDIF
 70
70
  9
$TILEMODE
 70
1
  9
$MAXACTVP
 70
64
  9
$PINSBASE
 10
0.0
 20
0.0
 30
0.0
  9
$PLIMCHECK
 70
0
  9
$PEXTMIN
 10
1e+20
 20
1e+20
 30
1e+20
  9
$PEXTMAX
 10
-1e+20
 20
-1e+20
 30
-1e+20
  9
$PLIMMIN
 10
0.0
 20
0.0
  9
$PLIMMAX
 10
420.0
 20
297.0
  9
$UNITMODE
 70
0
  9
$VISRETAIN
 70
1
  9
$PLINEGEN
 70
0
  9
$PSLTSCALE
 70
1
  9
$TREEDEPTH
 70
3020
  9
$CMLSTYLE
  2
Standard
  9
$CMLJUST
 70
0
  9
$CMLSCALE
 40
20.0
  9
$PROXYGRAPHICS
 70
1
  9
$MEASUREMENT
 70
0
  9
$CELWEIGHT
370
-1
  9
$ENDCAPS
280
0
  9
$JOINSTYLE
280
0
  9
$LWDISPLAY
290
0
  9
$INSUNITS
 70
1
  9
$HYPERLINKBASE
  1

  9
$STYLESHEET
  1

  9
$XEDIT
290
1
  9
$CEPSNTYPE
380
0
  9
$PSTYLEMODE
290
1
  9
$FINGERPRINTGUID
  2
{15D75AC9-ADF3-4062-9BA9-C60E83EBB89B}
  9
$VERSIONGUID
  2
{E8475A8B-208B-4D07-9D2C-6D8CC9B2C727}
  9
$EXTNAMES
290
1
  9
$PSVPSCALE
 40
0.0
  9
$OLESTARTUP
290
0
  9
$SORTENTS
280
127
  9
$INDEXCTL
280
0
  9
$HIDETEXT
280
1
  9
$XCLIPFRAME
280
1
  9
$HALOGAP
280
0
  9
$OBSCOLOR
 70
257
  9
$OBSLTYPE
280
0
  9
$INTERSECTIONDISPLAY
280
0
  9
$INTERSECTIONCOLOR
 70
257
  9
$DIMASSOC
280
2
  9
$PROJECTNAME
  1

  9
$CAMERADISPLAY
290
0
  9
$LENSLENGTH
 40
50.0
  9
$CAMERAHEIGHT
 40
0.0
  9
$STEPSPERSEC
 40
24.0
  9
$STEPSIZE
 40
100.0
  9
$3DDWFPREC
 40
2.0
  9
$PSOLWIDTH
 40
0.005
  9
$PSOLHEIGHT
 40
0.08
  9
$LOFTANG1
 40
1.570796326795
  9
$LOFTANG2
 40
1.570796326795
  9
$LOFTMAG1
 40
0.0
  9
$LOFTMAG2
 40
0.0
  9
$LOFTPARAM
 70
7
  9
$LOFTNORMALS
280
1
  9
$LATITUDE
 40
37.795
  9
$LONGITUDE
 40
-122.394
  9
$NORTHDIRECTION
 40
0.0
  9
$TIMEZONE
 70
-8000
  9
$LIGHTGLYPHDISPLAY
280
1
  9
$TILEMODELIGHTSYNCH
280
1
  9
$CMATERIAL
347
20
  9
$SOLIDHIST
280
0
  9
$SHOWHIST
280
1
  9
$DWFFRAME
280
2
  9
$DGNFRAME
280
2
  9
$REALWORLDSCALE
290
1
  9
$INTERFERECOLOR
 62
256
  9
$CSHADOW
280
0
  9
$SHADOWPLANELOCATION
 40
0.0
  0
ENDSEC
  0
SECTION
  2
CLASSES
  0
CLASS
  1
ACDBDICTIONARYWDFLT
  2
AcDbDictionaryWithDefault
  3
ObjectDBX Classes
 90
0
 91
0
280
0
281
0
  0
CLASS
  1
SUN
  2
AcDbSun
  3
SCENEOE
 90
1153
 91
0
280
0
281
0
  0
CLASS
  1
VISUALSTYLE
  2
AcDbVisualStyle
  3
ObjectDBX Classes
 90
4095
 91
0
280
0
281
0
  0
CLASS
  1
MATERIAL
  2
AcDbMaterial
  3
ObjectDBX Classes
 90
1153
 91
0
280
0
281
0
  0
CLASS
  1
SCALE
  2
AcDbScale
  3
ObjectDBX Classes
 90
1153
 91
0
280
0
281
0
  0
CLASS
  1
TABLESTYLE
  2
AcDbTableStyle
  3
ObjectDBX Classes
 90
4095
 91
0
280
0
281
0
  0
CLASS
  1
MLEADERSTYLE
  2
AcDbMLeaderStyle
  3
ACDB_MLEADERSTYLE_CLASS
 90
4095
 91
0
280
0
281
0
  0
CLASS
  1
DICTIONARYVAR
  2
AcDbDictionaryVar
  3
ObjectDBX Classes
 90
0
 91
0
280
0
281
0
  0
CLASS
  1
CELLSTYLEMAP
  2
AcDbCellStyleMap
  3
ObjectDBX Classes
 90
1152
 91
0
280
0
281
0
  0
CLASS
  1
MENTALRAYRENDERSETTINGS
  2
AcDbMentalRayRenderSettings
  3
SCENEOE
 90
1024
 91
0
280
0
281
0
  0
CLASS
  1
ACDBDETAILVIEWSTYLE
  2
AcDbDetailViewStyle
  3
ObjectDBX Classes
 90
1025
 91
0
280
0
281
0
  0
CLASS
  1
ACDBSECTIONVIEWSTYLE
  2
AcDbSectionViewStyle
  3
ObjectDBX Classes
 90
1025
 91
0
280
0
281
0
  0
CLASS
  1
RASTERVARIABLES
  2
AcDbRasterVariables
  3
ISM
 90
0
 91
0
280
0
281
0
  0
CLASS
  1
ACDBPLACEHOLDER
  2
AcDbPlaceHolder
  3
ObjectDBX Classes
 90
0
 91
0
280
0
281
0
  0
CLASS
  1
LAYOUT
  2
AcDbLayout
  3
ObjectDBX Classes
 90
0
 91
0
280
0
281
0
  0
ENDSEC
  0
SECTION
  2
TABLES
  0
TABLE
  2
VPORT
  5
8
330
0
100
AcDbSymbolTable
 70
1
  0
VPORT
  5
23
330
8
100
AcDbSymbolTableRecord
100
AcDbViewportTableRecord
  2
*Active
 70
0
 10
0.0
 20
0.0
 11
1.0
 21
1.0
 12
0.0
 22
0.0
 13
0.0
 23
0.0
 14
0.5
 24
0.5
 15
0.5
 25
0.5
 16
0.0
 26
0.0
 36
1.0
 17
0.0
 27
0.0
 37
0.0
 40
1000.0
 41
1.34
 42
50.0
 43
0.0
 44
0.0
 50
0.0
 51
0.0
 71
0
 72
1000
 73
1
 74
3
 75
0
 76
0
 77
0
 78
0
281
0
 65
0
146
0.0
  0
ENDTAB
  0
TABLE
  2
LTYPE
  5
2
330
0
100
AcDbSymbolTable
 70
3
  0
LTYPE
  5
24
330
2
100
AcDbSymbolTableRecord
100
AcDbLinetypeTableRecord
  2
ByBlock
 70
0
  3

 72
65
 73
0
 40
0.0
  0
LTYPE
  5
25
330
2
100
AcDbSymbolTableRecord
100
AcDbLinetypeTableRecord
  2
ByLayer
 70
0
  3

 72
65
 73
0
 40
0.0
  0
LTYPE
  5
26
330
2
100
AcDbSymbolTableRecord
100
AcDbLinetypeTableRecord
  2
Continuous
 70
0
  3

 72
65
 73
0
 40
0.0
  0
ENDTAB
  0
TABLE
  2
LAYER
  5
1
330
0
100
AcDbSymbolTable
 70
10
  0
LAYER
  5
27
330
1
100
AcDbSymbolTableRecord
100
AcDbLayerTableRecord
  2
0
 70
0
 62
7
  6
Continuous
370
-3
390
13
347
21
  0
LAYER
  5
28
330
1
100
AcDbSymbolTableRecord
100
AcDbLayerTableRecord
  2
Defpoints
 70
0
 62
7
  6
Continuous
290
0
370
-3
390
13
347
21
  0
LAYER
  5
2F
330
1
100
AcDbSymbolTableRecord
100
AcDbLayerTableRecord
  2
MFG_VERIFIED
 70
0
 62
2
  6
Continuous
370
-3
390
13
347
21
  0
LAYER
  5
30
330
1
100
AcDbSymbolTableRecord
100
AcDbLayerTableRecord
  2
APPROX_CLIP
 70
0
 62
1
  6
Continuous
370
-3
390
13
347
21
  0
LAYER
  5
31
330
1
100
AcDbSymbolTableRecord
100
AcDbLayerTableRecord
  2
REF_BOARD
 70
0
 62
8
  6
Continuous
370
-3
390
13
347
21
  0
LAYER
  5
32
330
1
100
AcDbSymbolTableRecord
100
AcDbLayerTableRecord
  2
REF_JOIST
 70
0
 62
32
  6
Continuous
370
-3
390
13
347
21
  0
LAYER
  5
33
330
1
100
AcDbSymbolTableRecord
100
AcDbLayerTableRecord
  2
FASTENER
 70
0
 62
7
  6
Continuous
370
-3
390
13
347
21
  0
LAYER
  5
34
330
1
100
AcDbSymbolTableRecord
100
AcDbLayerTableRecord
  2
DIMENSION
 70
0
 62
3
  6
Continuous
370
-3
390
13
347
21
  0
LAYER
  5
35
330
1
100
AcDbSymbolTableRecord
100
AcDbLayerTableRecord
  2
ANNOTATION
 70
0
 62
4
  6
Continuous
370
-3
390
13
347
21
  0
LAYER
  5
36
330
1
100
AcDbSymbolTableRecord
100
AcDbLayerTableRecord
  2
CENTERLINE
 70
0
 62
6
  6
Continuous
370
-3
390
13
347
21
  0
ENDTAB
  0
TABLE
  2
STYLE
  5
5
330
0
100
AcDbSymbolTable
 70
1
  0
STYLE
  5
29
330
5
100
AcDbSymbolTableRecord
100
AcDbTextStyleTableRecord
  2
Standard
 70
0
 40
0.0
 41
1.0
 50
0.0
 71
0
 42
2.5
  3
txt
  4

  0
ENDTAB
  0
TABLE
  2
VIEW
  5
7
330
0
100
AcDbSymbolTable
 70
0
  0
ENDTAB
  0
TABLE
  2
UCS
  5
6
330
0
100
AcDbSymbolTable
 70
0
  0
ENDTAB
  0
TABLE
  2
APPID
  5
3
330
0
100
AcDbSymbolTable
 70
3
  0
APPID
  5
2A
330
3
100
AcDbSymbolTableRecord
100
AcDbRegAppTableRecord
  2
ACAD
 70
0
  0
APPID
  5
2AF
330
3
100
AcDbSymbolTableRecord
100
AcDbRegAppTableRecord
  2
HATCHBACKGROUNDCOLOR
 70
0
  0
APPID
  5
2B0
330
3
100
AcDbSymbolTableRecord
100
AcDbRegAppTableRecord
  2
EZDXF
 70
0
  0
ENDTAB
  0
TABLE
  2
DIMSTYLE
  5
4
330
0
100
AcDbSymbolTable
 70
1
100
AcDbDimStyleTable
  0
DIMSTYLE
105
2B
330
4
100
AcDbSymbolTableRecord
100
AcDbDimStyleTableRecord
  2
Standard
 70
0
 40
1.0
 41
2.5
 42
0.625
 43
3.75
 44
1.25
 45
0.0
 46
0.0
 47
0.0
 48
0.0
 49
2.5
140
2.5
141
2.5
142
0.0
143
0.03937007874
144
1.0
145
0.0
146
1.0
147
0.625
148
0.0
 69
0
 70
0
 71
0
 72
0
 73
0
 74
0
 75
0
 76
0
 77
1
 78
8
 79
3
170
0
171
3
172
1
173
0
174
0
175
0
176
0
177
0
178
0
179
2
271
2
272
2
273
2
274
3
275
0
276
0
277
2
278
44
279
0
280
0
281
0
282
0
283
0
284
8
285
0
286
0
288
0
289
3
290
0
371
-2
372
-2
  0
ENDTAB
  0
TABLE
  2
BLOCK_RECORD
  5
9
330
0
100
AcDbSymbolTable
 70
2
  0
BLOCK_RECORD
  5
17
330
9
100
AcDbSymbolTableRecord
100
AcDbBlockTableRecord
  2
*Model_Space
340
1A
 70
0
280
1
281
0
  0
BLOCK_RECORD
  5
1B
330
9
100
AcDbSymbolTableRecord
100
AcDbBlockTableRecord
  2
*Paper_Space
340
1E
 70
0
280
1
281
0
  0
ENDTAB
  0
ENDSEC
  0
SECTION
  2
BLOCKS
  0
BLOCK
  5
18
330
17
100
AcDbEntity
  8
0
100
AcDbBlockBegin
  2
*Model_Space
 70
0
 10
0.0
 20
0.0
 30
0.0
  3
*Model_Space
  1

  0
ENDBLK
  5
19
330
17
100
AcDbEntity
  8
0
100
AcDbBlockEnd
  0
BLOCK
  5
1C
330
1B
100
AcDbEntity
  8
0
100
AcDbBlockBegin
  2
*Paper_Space
 70
0
 10
0.0
 20
0.0
 30
0.0
  3
*Paper_Space
  1

  0
ENDBLK
  5
1D
330
1B
100
AcDbEntity
  8
0
100
AcDbBlockEnd
  0
ENDSEC
  0
SECTION
  2
ENTITIES
  0
3DFACE
  5
37
330
17
100
AcDbEntity
  8
MFG_VERIFIED
100
AcDbFace
 10
-0.09375
 20
-0.25
 30
0.32
 11
0.09375
 21
-0.25
 31
0.32
 12
0.09375
 22
0.25
 32
0.32
 13
-0.09375
 23
0.25
 33
0.32
  0
3DFACE
  5
38
330
17
100
AcDbEntity
  8
MFG_VERIFIED
100
AcDbFace
 10
-0.09375
 20
-0.25
 30
0.54
 11
0.09375
 21
-0.25
 31
0.54
 12
0.09375
 22
0.25
 32
0.54
 13
-0.09375
 23
0.25
 33
0.54
  0
3DFACE
  5
39
330
17
100
AcDbEntity
  8
MFG_VERIFIED
100
AcDbFace
 10
-0.09375
 20
-0.25
 30
0.32
 11
0.09375
 21
-0.25
 31
0.32
 12
0.09375
 22
-0.25
 32
0.54
 13
-0.09375
 23
-0.25
 33
0.54
  0
3DFACE
  5
3A
330
17
100
AcDbEntity
  8
MFG_VERIFIED
100
AcDbFace
 10
0.09375
 20
-0.25
 30
0.32
 11
0.09375
 21
0.25
 31
0.32
 12
0.09375
 22
0.25
 32
0.54
 13
0.09375
 23
-0.25
 33
0.54
  0
3DFACE
  5
3B
330
17
100
AcDbEntity
  8
MFG_VERIFIED
100
AcDbFace
 10
0.09375
 20
0.25
 30
0.32
 11
-0.09375
 21
0.25
 31
0.32
 12
-0.09375
 22
0.25
 32
0.54
 13
0.09375
 23
0.25
 33
0.54
  0
3DFACE
  5
3C
330
17
100
AcDbEntity
  8
MFG_VERIFIED
100
AcDbFace
 10
-0.09375
 20
0.25
 30
0.32
 11
-0.09375
 21
-0.25
 31
0.32
 12
-0.09375
 22
-0.25
 32
0.54
 13
-0.09375
 23
0.25
 33
0.54
  0
3DFACE
  5
3D
330
17
100
AcDbEntity
  8
APPROX_CLIP
100
AcDbFace
 10
-0.365
 20
-0.155
 30
0.43
 11
-0.09375
 21
-0.155
 31
0.43
 12
-0.09375
 22
0.155
 32
0.43
 13
-0.365
 23
0.155
 33
0.43
  0
3DFACE
  5
3E
330
17
100
AcDbEntity
  8
APPROX_CLIP
100
AcDbFace
 10
-0.365
 20
-0.155
 30
0.485
 11
-0.09375
 21
-0.155
 31
0.485
 12
-0.09375
 22
0.155
 32
0.485
 13
-0.365
 23
0.155
 33
0.485
  0
3DFACE
  5
3F
330
17
100
AcDbEntity
  8
APPROX_CLIP
100
AcDbFace
 10
-0.365
 20
-0.155
 30
0.43
 11
-0.09375
 21
-0.155
 31
0.43
 12
-0.09375
 22
-0.155
 32
0.485
 13
-0.365
 23
-0.155
 33
0.485
  0
3DFACE
  5
40
330
17
100
AcDbEntity
  8
APPROX_CLIP
100
AcDbFace
 10
-0.09375
 20
-0.155
 30
0.43
 11
-0.09375
 21
0.155
 31
0.43
 12
-0.09375
 22
0.155
 32
0.485
 13
-0.09375
 23
-0.155
 33
0.485
  0
3DFACE
  5
41
330
17
100
AcDbEntity
  8
APPROX_CLIP
100
AcDbFace
 10
-0.09375
 20
0.155
 30
0.43
 11
-0.365
 21
0.155
 31
0.43
 12
-0.365
 22
0.155
 32
0.485
 13
-0.09375
 23
0.155
 33
0.485
  0
3DFACE
  5
42
330
17
100
AcDbEntity
  8
APPROX_CLIP
100
AcDbFace
 10
-0.365
 20
0.155
 30
0.43
 11
-0.365
 21
-0.155
 31
0.43
 12
-0.365
 22
-0.155
 32
0.485
 13
-0.365
 23
0.155
 33
0.485
  0
3DFACE
  5
43
330
17
100
AcDbEntity
  8
APPROX_CLIP
100
AcDbFace
 10
0.09375
 20
-0.155
 30
0.43
 11
0.365
 21
-0.155
 31
0.43
 12
0.365
 22
0.155
 32
0.43
 13
0.09375
 23
0.155
 33
0.43
  0
3DFACE
  5
44
330
17
100
AcDbEntity
  8
APPROX_CLIP
100
AcDbFace
 10
0.09375
 20
-0.155
 30
0.485
 11
0.365
 21
-0.155
 31
0.485
 12
0.365
 22
0.155
 32
0.485
 13
0.09375
 23
0.155
 33
0.485
  0
3DFACE
  5
45
330
17
100
AcDbEntity
  8
APPROX_CLIP
100
AcDbFace
 10
0.09375
 20
-0.155
 30
0.43
 11
0.365
 21
-0.155
 31
0.43
 12
0.365
 22
-0.155
 32
0.485
 13
0.09375
 23
-0.155
 33
0.485
  0
3DFACE
  5
46
330
17
100
AcDbEntity
  8
APPROX_CLIP
100
AcDbFace
 10
0.365
 20
-0.155
 30
0.43
 11
0.365
 21
0.155
 31
0.43
 12
0.365
 22
0.155
 32
0.485
 13
0.365
 23
-0.155
 33
0.485
  0
3DFACE
  5
47
330
17
100
AcDbEntity
  8
APPROX_CLIP
100
AcDbFace
 10
0.365
 20
0.155
 30
0.43
 11
0.09375
 21
0.155
 31
0.43
 12
0.09375
 22
0.155
 32
0.485
 13
0.365
 23
0.155
 33
0.485
  0
3DFACE
  5
48
330
17
100
AcDbEntity
  8
APPROX_CLIP
100
AcDbFace
 10
0.09375
 20
0.155
 30
0.43
 11
0.09375
 21
-0.155
 31
0.43
 12
0.09375
 22
-0.155
 32
0.485
 13
0.09375
 23
0.155
 33
0.485
  0
3DFACE
  5
49
330
17
100
AcDbEntity
  8
APPROX_CLIP
100
AcDbFace
 10
-0.095
 20
-0.32
 30
0.33
 11
0.095
 21
-0.32
 31
0.33
 12
0.095
 22
0.32
 32
0.33
 13
-0.095
 23
0.32
 33
0.33
  0
3DFACE
  5
4A
330
17
100
AcDbEntity
  8
APPROX_CLIP
100
AcDbFace
 10
-0.095
 20
-0.32
 30
0.405
 11
0.095
 21
-0.32
 31
0.405
 12
0.095
 22
0.32
 32
0.405
 13
-0.095
 23
0.32
 33
0.405
  0
3DFACE
  5
4B
330
17
100
AcDbEntity
  8
APPROX_CLIP
100
AcDbFace
 10
-0.095
 20
-0.32
 30
0.33
 11
0.095
 21
-0.32
 31
0.33
 12
0.095
 22
-0.32
 32
0.405
 13
-0.095
 23
-0.32
 33
0.405
  0
3DFACE
  5
4C
330
17
100
AcDbEntity
  8
APPROX_CLIP
100
AcDbFace
 10
0.095
 20
-0.32
 30
0.33
 11
0.095
 21
0.32
 31
0.33
 12
0.095
 22
0.32
 32
0.405
 13
0.095
 23
-0.32
 33
0.405
  0
3DFACE
  5
4D
330
17
100
AcDbEntity
  8
APPROX_CLIP
100
AcDbFace
 10
0.095
 20
0.32
 30
0.33
 11
-0.095
 21
0.32
 31
0.33
 12
-0.095
 22
0.32
 32
0.405
 13
0.095
 23
0.32
 33
0.405
  0
3DFACE
  5
4E
330
17
100
AcDbEntity
  8
APPROX_CLIP
100
AcDbFace
 10
-0.095
 20
0.32
 30
0.33
 11
-0.095
 21
-0.32
 31
0.33
 12
-0.095
 22
-0.32
 32
0.405
 13
-0.095
 23
0.32
 33
0.405
  0
3DFACE
  5
4F
330
17
100
AcDbEntity
  8
APPROX_CLIP
100
AcDbFace
 10
0.0
 20
-0.2412346135282008
 30
0.41820962559489544
 11
-0.028801477362331178
 21
-0.2429086533820502
 31
0.4090024063987239
 12
-0.028801477362331178
 22
-0.3529086533820502
 32
0.4290024063987239
 13
0.0
 23
-0.3512346135282008
 33
0.43820962559489546
  0
3DFACE
  5
50
330
17
100
AcDbEntity
  8
APPROX_CLIP
100
AcDbFace
 10
-0.028801477362331178
 20
-0.2429086533820502
 30
0.4090024063987239
 11
-0.04660176929846252
 21
-0.2472913466179498
 31
0.3848975936012761
 12
-0.04660176929846252
 22
-0.35729134661794976
 32
0.40489759360127614
 13
-0.028801477362331178
 23
-0.3529086533820502
 33
0.4290024063987239
  0
3DFACE
  5
51
330
17
100
AcDbEntity
  8
APPROX_CLIP
100
AcDbFace
 10
-0.04660176929846252
 20
-0.2472913466179498
 30
0.3848975936012761
 11
-0.04660176929846253
 21
-0.25270865338205023
 31
0.35510240639872387
 12
-0.04660176929846253
 22
-0.3627086533820502
 32
0.3751024063987239
 13
-0.04660176929846252
 23
-0.35729134661794976
 33
0.40489759360127614
  0
3DFACE
  5
52
330
17
100
AcDbEntity
  8
APPROX_CLIP
100
AcDbFace
 10
-0.04660176929846253
 20
-0.25270865338205023
 30
0.35510240639872387
 11
-0.028801477362331185
 21
-0.2570913466179498
 31
0.3309975936012761
 12
-0.028801477362331185
 22
-0.3670913466179498
 32
0.35099759360127614
 13
-0.04660176929846253
 23
-0.3627086533820502
 33
0.3751024063987239
  0
3DFACE
  5
53
330
17
100
AcDbEntity
  8
APPROX_CLIP
100
AcDbFace
 10
-0.028801477362331185
 20
-0.2570913466179498
 30
0.3309975936012761
 11
-6.00076931582203e-18
 21
-0.2587653864717992
 31
0.32179037440510455
 12
-6.00076931582203e-18
 22
-0.3687653864717992
 32
0.34179037440510457
 13
-0.028801477362331185
 23
-0.3670913466179498
 33
0.35099759360127614
  0
3DFACE
  5
54
330
17
100
AcDbEntity
  8
APPROX_CLIP
100
AcDbFace
 10
-6.00076931582203e-18
 20
-0.2587653864717992
 30
0.32179037440510455
 11
0.028801477362331174
 21
-0.2570913466179498
 31
0.3309975936012761
 12
0.028801477362331174
 22
-0.3670913466179498
 32
0.35099759360127614
 13
-6.00076931582203e-18
 23
-0.3687653864717992
 33
0.34179037440510457
  0
3DFACE
  5
55
330
17
100
AcDbEntity
  8
APPROX_CLIP
100
AcDbFace
 10
0.028801477362331174
 20
-0.2570913466179498
 30
0.3309975936012761
 11
0.04660176929846252
 21
-0.25270865338205023
 31
0.35510240639872387
 12
0.04660176929846252
 22
-0.3627086533820502
 32
0.3751024063987239
 13
0.028801477362331174
 23
-0.3670913466179498
 33
0.35099759360127614
  0
3DFACE
  5
56
330
17
100
AcDbEntity
  8
APPROX_CLIP
100
AcDbFace
 10
0.04660176929846252
 20
-0.25270865338205023
 30
0.35510240639872387
 11
0.04660176929846253
 21
-0.2472913466179498
 31
0.3848975936012761
 12
0.04660176929846253
 22
-0.35729134661794976
 32
0.40489759360127614
 13
0.04660176929846252
 23
-0.3627086533820502
 33
0.3751024063987239
  0
3DFACE
  5
57
330
17
100
AcDbEntity
  8
APPROX_CLIP
100
AcDbFace
 10
0.04660176929846253
 20
-0.2472913466179498
 30
0.3848975936012761
 11
0.028801477362331192
 21
-0.2429086533820502
 31
0.4090024063987239
 12
0.028801477362331192
 22
-0.3529086533820502
 32
0.4290024063987239
 13
0.04660176929846253
 23
-0.35729134661794976
 33
0.40489759360127614
  0
3DFACE
  5
58
330
17
100
AcDbEntity
  8
APPROX_CLIP
100
AcDbFace
 10
0.028801477362331192
 20
-0.2429086533820502
 30
0.4090024063987239
 11
0.0
 21
-0.2412346135282008
 31
0.41820962559489544
 12
0.0
 22
-0.3512346135282008
 32
0.43820962559489546
 13
0.028801477362331192
 23
-0.3529086533820502
 33
0.4290024063987239
  0
3DFACE
  5
59
330
17
100
AcDbEntity
  8
APPROX_CLIP
100
AcDbFace
 10
0.0
 20
-0.2412346135282008
 30
0.41820962559489544
 11
-0.028801477362331178
 21
-0.2429086533820502
 31
0.4090024063987239
 12
-0.04660176929846252
 22
-0.2472913466179498
 32
0.3848975936012761
 13
-0.04660176929846252
 23
-0.2472913466179498
 33
0.3848975936012761
  0
3DFACE
  5
5A
330
17
100
AcDbEntity
  8
APPROX_CLIP
100
AcDbFace
 10
0.0
 20
-0.3512346135282008
 30
0.43820962559489546
 11
-0.04660176929846252
 21
-0.35729134661794976
 31
0.40489759360127614
 12
-0.028801477362331178
 22
-0.3529086533820502
 32
0.4290024063987239
 13
-0.028801477362331178
 23
-0.3529086533820502
 33
0.4290024063987239
  0
3DFACE
  5
5B
330
17
100
AcDbEntity
  8
APPROX_CLIP
100
AcDbFace
 10
0.0
 20
-0.2412346135282008
 30
0.41820962559489544
 11
-0.04660176929846252
 21
-0.2472913466179498
 31
0.3848975936012761
 12
-0.04660176929846253
 22
-0.25270865338205023
 32
0.35510240639872387
 13
-0.04660176929846253
 23
-0.25270865338205023
 33
0.35510240639872387
  0
3DFACE
  5
5C
330
17
100
AcDbEntity
  8
APPROX_CLIP
100
AcDbFace
 10
0.0
 20
-0.3512346135282008
 30
0.43820962559489546
 11
-0.04660176929846253
 21
-0.3627086533820502
 31
0.3751024063987239
 12
-0.04660176929846252
 22
-0.35729134661794976
 32
0.40489759360127614
 13
-0.04660176929846252
 23
-0.35729134661794976
 33
0.40489759360127614
  0
3DFACE
  5
5D
330
17
100
AcDbEntity
  8
APPROX_CLIP
100
AcDbFace
 10
0.0
 20
-0.2412346135282008
 30
0.41820962559489544
 11
-0.04660176929846253
 21
-0.25270865338205023
 31
0.35510240639872387
 12
-0.028801477362331185
 22
-0.2570913466179498
 32
0.3309975936012761
 13
-0.028801477362331185
 23
-0.2570913466179498
 33
0.3309975936012761
  0
3DFACE
  5
5E
330
17
100
AcDbEntity
  8
APPROX_CLIP
100
AcDbFace
 10
0.0
 20
-0.3512346135282008
 30
0.43820962559489546
 11
-0.028801477362331185
 21
-0.3670913466179498
 31
0.35099759360127614
 12
-0.04660176929846253
 22
-0.3627086533820502
 32
0.3751024063987239
 13
-0.04660176929846253
 23
-0.3627086533820502
 33
0.3751024063987239
  0
3DFACE
  5
5F
330
17
100
AcDbEntity
  8
APPROX_CLIP
100
AcDbFace
 10
0.0
 20
-0.2412346135282008
 30
0.41820962559489544
 11
-0.028801477362331185
 21
-0.2570913466179498
 31
0.3309975936012761
 12
-6.00076931582203e-18
 22
-0.2587653864717992
 32
0.32179037440510455
 13
-6.00076931582203e-18
 23
-0.2587653864717992
 33
0.32179037440510455
  0
3DFACE
  5
60
330
17
100
AcDbEntity
  8
APPROX_CLIP
100
AcDbFace
 10
0.0
 20
-0.3512346135282008
 30
0.43820962559489546
 11
-6.00076931582203e-18
 21
-0.3687653864717992
 31
0.34179037440510457
 12
-0.028801477362331185
 22
-0.3670913466179498
 32
0.35099759360127614
 13
-0.028801477362331185
 23
-0.3670913466179498
 33
0.35099759360127614
  0
3DFACE
  5
61
330
17
100
AcDbEntity
  8
APPROX_CLIP
100
AcDbFace
 10
0.0
 20
-0.2412346135282008
 30
0.41820962559489544
 11
-6.00076931582203e-18
 21
-0.2587653864717992
 31
0.32179037440510455
 12
0.028801477362331174
 22
-0.2570913466179498
 32
0.3309975936012761
 13
0.028801477362331174
 23
-0.2570913466179498
 33
0.3309975936012761
  0
3DFACE
  5
62
330
17
100
AcDbEntity
  8
APPROX_CLIP
100
AcDbFace
 10
0.0
 20
-0.3512346135282008
 30
0.43820962559489546
 11
0.028801477362331174
 21
-0.3670913466179498
 31
0.35099759360127614
 12
-6.00076931582203e-18
 22
-0.3687653864717992
 32
0.34179037440510457
 13
-6.00076931582203e-18
 23
-0.3687653864717992
 33
0.34179037440510457
  0
3DFACE
  5
63
330
17
100
AcDbEntity
  8
APPROX_CLIP
100
AcDbFace
 10
0.0
 20
-0.2412346135282008
 30
0.41820962559489544
 11
0.028801477362331174
 21
-0.2570913466179498
 31
0.3309975936012761
 12
0.04660176929846252
 22
-0.25270865338205023
 32
0.35510240639872387
 13
0.04660176929846252
 23
-0.25270865338205023
 33
0.35510240639872387
  0
3DFACE
  5
64
330
17
100
AcDbEntity
  8
APPROX_CLIP
100
AcDbFace
 10
0.0
 20
-0.3512346135282008
 30
0.43820962559489546
 11
0.04660176929846252
 21
-0.3627086533820502
 31
0.3751024063987239
 12
0.028801477362331174
 22
-0.3670913466179498
 32
0.35099759360127614
 13
0.028801477362331174
 23
-0.3670913466179498
 33
0.35099759360127614
  0
3DFACE
  5
65
330
17
100
AcDbEntity
  8
APPROX_CLIP
100
AcDbFace
 10
0.0
 20
-0.2412346135282008
 30
0.41820962559489544
 11
0.04660176929846252
 21
-0.25270865338205023
 31
0.35510240639872387
 12
0.04660176929846253
 22
-0.2472913466179498
 32
0.3848975936012761
 13
0.04660176929846253
 23
-0.2472913466179498
 33
0.3848975936012761
  0
3DFACE
  5
66
330
17
100
AcDbEntity
  8
APPROX_CLIP
100
AcDbFace
 10
0.0
 20
-0.3512346135282008
 30
0.43820962559489546
 11
0.04660176929846253
 21
-0.35729134661794976
 31
0.40489759360127614
 12
0.04660176929846252
 22
-0.3627086533820502
 32
0.3751024063987239
 13
0.04660176929846252
 23
-0.3627086533820502
 33
0.3751024063987239
  0
3DFACE
  5
67
330
17
100
AcDbEntity
  8
APPROX_CLIP
100
AcDbFace
 10
0.0
 20
-0.2412346135282008
 30
0.41820962559489544
 11
0.04660176929846253
 21
-0.2472913466179498
 31
0.3848975936012761
 12
0.028801477362331192
 22
-0.2429086533820502
 32
0.4090024063987239
 13
0.028801477362331192
 23
-0.2429086533820502
 33
0.4090024063987239
  0
3DFACE
  5
68
330
17
100
AcDbEntity
  8
APPROX_CLIP
100
AcDbFace
 10
0.0
 20
-0.3512346135282008
 30
0.43820962559489546
 11
0.028801477362331192
 21
-0.3529086533820502
 31
0.4290024063987239
 12
0.04660176929846253
 22
-0.35729134661794976
 32
0.40489759360127614
 13
0.04660176929846253
 23
-0.35729134661794976
 33
0.40489759360127614
  0
3DFACE
  5
69
330
17
100
AcDbEntity
  8
APPROX_CLIP
100
AcDbFace
 10
0.0
 20
-0.3836140187388356
 30
0.43293457952515574
 11
-0.028801477362331185
 21
-0.37910414246520646
 31
0.42473480448219364
 12
-0.028801477362331185
 22
-0.5791041424652066
 32
0.31473480448219365
 13
0.0
 23
-0.5836140187388357
 33
0.32293457952515575
  0
3DFACE
  5
6A
330
17
100
AcDbEntity
  8
APPROX_CLIP
100
AcDbFace
 10
-0.028801477362331185
 20
-0.37910414246520646
 30
0.42473480448219364
 11
-0.04660176929846253
 21
-0.36729713309578865
 31
0.4032675147196158
 12
-0.04660176929846253
 22
-0.5672971330957888
 32
0.2932675147196158
 13
-0.028801477362331185
 23
-0.5791041424652066
 33
0.31473480448219365
  0
3DFACE
  5
6B
330
17
100
AcDbEntity
  8
APPROX_CLIP
100
AcDbFace
 10
-0.04660176929846253
 20
-0.36729713309578865
 30
0.4032675147196158
 11
-0.046601769298462534
 21
-0.3527028669042113
 31
0.3767324852803842
 12
-0.046601769298462534
 22
-0.5527028669042113
 32
0.26673248528038423
 13
-0.04660176929846253
 23
-0.5672971330957888
 33
0.2932675147196158
  0
3DFACE
  5
6C
330
17
100
AcDbEntity
  8
APPROX_CLIP
100
AcDbFace
 10
-0.046601769298462534
 20
-0.3527028669042113
 30
0.3767324852803842
 11
-0.028801477362331192
 21
-0.3408958575347935
 31
0.3552651955178064
 12
-0.028801477362331192
 22
-0.5408958575347935
 32
0.2452651955178064
 13
-0.046601769298462534
 23
-0.5527028669042113
 33
0.26673248528038423
  0
3DFACE
  5
6D
330
17
100
AcDbEntity
  8
APPROX_CLIP
100
AcDbFace
 10
-0.028801477362331192
 20
-0.3408958575347935
 30
0.3552651955178064
 11
-6.000769315822031e-18
 21
-0.33638598126116437
 31
0.3470654204748443
 12
-6.000769315822031e-18
 22
-0.5363859812611644
 32
0.2370654204748443
 13
-0.028801477362331192
 23
-0.5408958575347935
 33
0.2452651955178064
  0
3DFACE
  5
6E
330
17
100
AcDbEntity
  8
APPROX_CLIP
100
AcDbFace
 10
-6.000769315822031e-18
 20
-0.33638598126116437
 30
0.3470654204748443
 11
0.028801477362331178
 21
-0.3408958575347935
 31
0.3552651955178064
 12
0.028801477362331178
 22
-0.5408958575347935
 32
0.2452651955178064
 13
-6.000769315822031e-18
 23
-0.5363859812611644
 33
0.2370654204748443
  0
3DFACE
  5
6F
330
17
100
AcDbEntity
  8
APPROX_CLIP
100
AcDbFace
 10
0.028801477362331178
 20
-0.3408958575347935
 30
0.3552651955178064
 11
0.04660176929846253
 21
-0.3527028669042113
 31
0.3767324852803842
 12
0.04660176929846253
 22
-0.5527028669042113
 32
0.26673248528038423
 13
0.028801477362331178
 23
-0.5408958575347935
 33
0.2452651955178064
  0
3DFACE
  5
70
330
17
100
AcDbEntity
  8
APPROX_CLIP
100
AcDbFace
 10
0.04660176929846253
 20
-0.3527028669042113
 30
0.3767324852803842
 11
0.046601769298462534
 21
-0.36729713309578865
 31
0.4032675147196158
 12
0.046601769298462534
 22
-0.5672971330957888
 32
0.2932675147196158
 13
0.04660176929846253
 23
-0.5527028669042113
 33
0.26673248528038423
  0
3DFACE
  5
71
330
17
100
AcDbEntity
  8
APPROX_CLIP
100
AcDbFace
 10
0.046601769298462534
 20
-0.36729713309578865
 30
0.4032675147196158
 11
0.028801477362331195
 21
-0.37910414246520646
 31
0.42473480448219364
 12
0.028801477362331195
 22
-0.5791041424652066
 32
0.31473480448219365
 13
0.046601769298462534
 23
-0.5672971330957888
 33
0.2932675147196158
  0
3DFACE
  5
72
330
17
100
AcDbEntity
  8
APPROX_CLIP
100
AcDbFace
 10
0.028801477362331195
 20
-0.37910414246520646
 30
0.42473480448219364
 11
0.0
 21
-0.3836140187388356
 31
0.43293457952515574
 12
0.0
 22
-0.5836140187388357
 32
0.32293457952515575
 13
0.028801477362331195
 23
-0.5791041424652066
 33
0.31473480448219365
  0
3DFACE
  5
73
330
17
100
AcDbEntity
  8
APPROX_CLIP
100
AcDbFace
 10
0.0
 20
-0.3836140187388356
 30
0.43293457952515574
 11
-0.028801477362331185
 21
-0.37910414246520646
 31
0.42473480448219364
 12
-0.04660176929846253
 22
-0.36729713309578865
 32
0.4032675147196158
 13
-0.04660176929846253
 23
-0.36729713309578865
 33
0.4032675147196158
  0
3DFACE
  5
74
330
17
100
AcDbEntity
  8
APPROX_CLIP
100
AcDbFace
 10
0.0
 20
-0.5836140187388357
 30
0.32293457952515575
 11
-0.04660176929846253
 21
-0.5672971330957888
 31
0.2932675147196158
 12
-0.028801477362331185
 22
-0.5791041424652066
 32
0.31473480448219365
 13
-0.028801477362331185
 23
-0.5791041424652066
 33
0.31473480448219365
  0
3DFACE
  5
75
330
17
100
AcDbEntity
  8
APPROX_CLIP
100
AcDbFace
 10
0.0
 20
-0.3836140187388356
 30
0.43293457952515574
 11
-0.04660176929846253
 21
-0.36729713309578865
 31
0.4032675147196158
 12
-0.046601769298462534
 22
-0.3527028669042113
 32
0.3767324852803842
 13
-0.046601769298462534
 23
-0.3527028669042113
 33
0.3767324852803842
  0
3DFACE
  5
76
330
17
100
AcDbEntity
  8
APPROX_CLIP
100
AcDbFace
 10
0.0
 20
-0.5836140187388357
 30
0.32293457952515575
 11
-0.046601769298462534
 21
-0.5527028669042113
 31
0.26673248528038423
 12
-0.04660176929846253
 22
-0.5672971330957888
 32
0.2932675147196158
 13
-0.04660176929846253
 23
-0.5672971330957888
 33
0.2932675147196158
  0
3DFACE
  5
77
330
17
100
AcDbEntity
  8
APPROX_CLIP
100
AcDbFace
 10
0.0
 20
-0.3836140187388356
 30
0.43293457952515574
 11
-0.046601769298462534
 21
-0.3527028669042113
 31
0.3767324852803842
 12
-0.028801477362331192
 22
-0.3408958575347935
 32
0.3552651955178064
 13
-0.028801477362331192
 23
-0.3408958575347935
 33
0.3552651955178064
  0
3DFACE
  5
78
330
17
100
AcDbEntity
  8
APPROX_CLIP
100
AcDbFace
 10
0.0
 20
-0.5836140187388357
 30
0.32293457952515575
 11
-0.028801477362331192
 21
-0.5408958575347935
 31
0.2452651955178064
 12
-0.046601769298462534
 22
-0.5527028669042113
 32
0.26673248528038423
 13
-0.046601769298462534
 23
-0.5527028669042113
 33
0.26673248528038423
  0
3DFACE
  5
79
330
17
100
AcDbEntity
  8
APPROX_CLIP
100
AcDbFace
 10
0.0
 20
-0.3836140187388356
 30
0.43293457952515574
 11
-0.028801477362331192
 21
-0.3408958575347935
 31
0.3552651955178064
 12
-6.000769315822031e-18
 22
-0.33638598126116437
 32
0.3470654204748443
 13
-6.000769315822031e-18
 23
-0.33638598126116437
 33
0.3470654204748443
  0
3DFACE
  5
7A
330
17
100
AcDbEntity
  8
APPROX_CLIP
100
AcDbFace
 10
0.0
 20
-0.5836140187388357
 30
0.32293457952515575
 11
-6.000769315822031e-18
 21
-0.5363859812611644
 31
0.2370654204748443
 12
-0.028801477362331192
 22
-0.5408958575347935
 32
0.2452651955178064
 13
-0.028801477362331192
 23
-0.5408958575347935
 33
0.2452651955178064
  0
3DFACE
  5
7B
330
17
100
AcDbEntity
  8
APPROX_CLIP
100
AcDbFace
 10
0.0
 20
-0.3836140187388356
 30
0.43293457952515574
 11
-6.000769315822031e-18
 21
-0.33638598126116437
 31
0.3470654204748443
 12
0.028801477362331178
 22
-0.3408958575347935
 32
0.3552651955178064
 13
0.028801477362331178
 23
-0.3408958575347935
 33
0.3552651955178064
  0
3DFACE
  5
7C
330
17
100
AcDbEntity
  8
APPROX_CLIP
100
AcDbFace
 10
0.0
 20
-0.5836140187388357
 30
0.32293457952515575
 11
0.028801477362331178
 21
-0.5408958575347935
 31
0.2452651955178064
 12
-6.000769315822031e-18
 22
-0.5363859812611644
 32
0.2370654204748443
 13
-6.000769315822031e-18
 23
-0.5363859812611644
 33
0.2370654204748443
  0
3DFACE
  5
7D
330
17
100
AcDbEntity
  8
APPROX_CLIP
100
AcDbFace
 10
0.0
 20
-0.3836140187388356
 30
0.43293457952515574
 11
0.028801477362331178
 21
-0.3408958575347935
 31
0.3552651955178064
 12
0.04660176929846253
 22
-0.3527028669042113
 32
0.3767324852803842
 13
0.04660176929846253
 23
-0.3527028669042113
 33
0.3767324852803842
  0
3DFACE
  5
7E
330
17
100
AcDbEntity
  8
APPROX_CLIP
100
AcDbFace
 10
0.0
 20
-0.5836140187388357
 30
0.32293457952515575
 11
0.04660176929846253
 21
-0.5527028669042113
 31
0.26673248528038423
 12
0.028801477362331178
 22
-0.5408958575347935
 32
0.2452651955178064
 13
0.028801477362331178
 23
-0.5408958575347935
 33
0.2452651955178064
  0
3DFACE
  5
7F
330
17
100
AcDbEntity
  8
APPROX_CLIP
100
AcDbFace
 10
0.0
 20
-0.3836140187388356
 30
0.43293457952515574
 11
0.04660176929846253
 21
-0.3527028669042113
 31
0.3767324852803842
 12
0.046601769298462534
 22
-0.36729713309578865
 32
0.4032675147196158
 13
0.046601769298462534
 23
-0.36729713309578865
 33
0.4032675147196158
  0
3DFACE
  5
80
330
17
100
AcDbEntity
  8
APPROX_CLIP
100
AcDbFace
 10
0.0
 20
-0.5836140187388357
 30
0.32293457952515575
 11
0.046601769298462534
 21
-0.5672971330957888
 31
0.2932675147196158
 12
0.04660176929846253
 22
-0.5527028669042113
 32
0.26673248528038423
 13
0.04660176929846253
 23
-0.5527028669042113
 33
0.26673248528038423
  0
3DFACE
  5
81
330
17
100
AcDbEntity
  8
APPROX_CLIP
100
AcDbFace
 10
0.0
 20
-0.3836140187388356
 30
0.43293457952515574
 11
0.046601769298462534
 21
-0.36729713309578865
 31
0.4032675147196158
 12
0.028801477362331195
 22
-0.37910414246520646
 32
0.42473480448219364
 13
0.028801477362331195
 23
-0.37910414246520646
 33
0.42473480448219364
  0
3DFACE
  5
82
330
17
100
AcDbEntity
  8
APPROX_CLIP
100
AcDbFace
 10
0.0
 20
-0.5836140187388357
 30
0.32293457952515575
 11
0.028801477362331195
 21
-0.5791041424652066
 31
0.31473480448219365
 12
0.046601769298462534
 22
-0.5672971330957888
 32
0.2932675147196158
 13
0.046601769298462534
 23
-0.5672971330957888
 33
0.2932675147196158
  0
3DFACE
  5
83
330
17
100
AcDbEntity
  8
APPROX_CLIP
100
AcDbFace
 10
0.0
 20
-0.6002243548874889
 30
0.3079821599217314
 11
-0.028801477362331185
 21
-0.5925421866917475
 31
0.3026380429159983
 12
-0.028801477362331185
 22
-0.7525421866917474
 32
0.07263804291599824
 13
0.0
 23
-0.7602243548874889
 33
0.07798215992173138
  0
3DFACE
  5
84
330
17
100
AcDbEntity
  8
APPROX_CLIP
100
AcDbFace
 10
-0.028801477362331185
 20
-0.5925421866917475
 30
0.3026380429159983
 11
-0.04660176929846253
 21
-0.5724300092480031
 31
0.2886469629551326
 12
-0.04660176929846253
 22
-0.732430009248003
 32
0.058646962955132546
 13
-0.028801477362331185
 23
-0.7525421866917474
 33
0.07263804291599824
  0
3DFACE
  5
85
330
17
100
AcDbEntity
  8
APPROX_CLIP
100
AcDbFace
 10
-0.04660176929846253
 20
-0.5724300092480031
 30
0.2886469629551326
 11
-0.046601769298462534
 21
-0.547569990751997
 31
0.27135303704486746
 12
-0.046601769298462534
 22
-0.7075699907519969
 32
0.04135303704486746
 13
-0.04660176929846253
 23
-0.732430009248003
 33
0.058646962955132546
  0
3DFACE
  5
86
330
17
100
AcDbEntity
  8
APPROX_CLIP
100
AcDbFace
 10
-0.046601769298462534
 20
-0.547569990751997
 30
0.27135303704486746
 11
-0.028801477362331192
 21
-0.5274578133082526
 31
0.2573619570840018
 12
-0.028801477362331192
 22
-0.6874578133082525
 32
0.02736195708400177
 13
-0.046601769298462534
 23
-0.7075699907519969
 33
0.04135303704486746
  0
3DFACE
  5
87
330
17
100
AcDbEntity
  8
APPROX_CLIP
100
AcDbFace
 10
-0.028801477362331192
 20
-0.5274578133082526
 30
0.2573619570840018
 11
-6.000769315822031e-18
 21
-0.5197756451125112
 31
0.25201784007826866
 12
-6.000769315822031e-18
 22
-0.6797756451125111
 32
0.022017840078268625
 13
-0.028801477362331192
 23
-0.6874578133082525
 33
0.02736195708400177
  0
3DFACE
  5
88
330
17
100
AcDbEntity
  8
APPROX_CLIP
100
AcDbFace
 10
-6.000769315822031e-18
 20
-0.5197756451125112
 30
0.25201784007826866
 11
0.028801477362331178
 21
-0.5274578133082526
 31
0.2573619570840018
 12
0.028801477362331178
 22
-0.6874578133082525
 32
0.027361957084001763
 13
-6.000769315822031e-18
 23
-0.6797756451125111
 33
0.022017840078268625
  0
3DFACE
  5
89
330
17
100
AcDbEntity
  8
APPROX_CLIP
100
AcDbFace
 10
0.028801477362331178
 20
-0.5274578133082526
 30
0.2573619570840018
 11
0.04660176929846253
 21
-0.547569990751997
 31
0.27135303704486746
 12
0.04660176929846253
 22
-0.7075699907519969
 32
0.04135303704486745
 13
0.028801477362331178
 23
-0.6874578133082525
 33
0.027361957084001763
  0
3DFACE
  5
8A
330
17
100
AcDbEntity
  8
APPROX_CLIP
100
AcDbFace
 10
0.04660176929846253
 20
-0.547569990751997
 30
0.27135303704486746
 11
0.046601769298462534
 21
-0.5724300092480031
 31
0.2886469629551326
 12
0.046601769298462534
 22
-0.732430009248003
 32
0.05864696295513254
 13
0.04660176929846253
 23
-0.7075699907519969
 33
0.04135303704486745
  0
3DFACE
  5
8B
330
17
100
AcDbEntity
  8
APPROX_CLIP
100
AcDbFace
 10
0.046601769298462534
 20
-0.5724300092480031
 30
0.2886469629551326
 11
0.028801477362331195
 21
-0.5925421866917475
 31
0.3026380429159983
 12
0.028801477362331195
 22
-0.7525421866917474
 32
0.07263804291599824
 13
0.046601769298462534
 23
-0.732430009248003
 33
0.05864696295513254
  0
3DFACE
  5
8C
330
17
100
AcDbEntity
  8
APPROX_CLIP
100
AcDbFace
 10
0.028801477362331195
 20
-0.5925421866917475
 30
0.3026380429159983
 11
0.0
 21
-0.6002243548874889
 31
0.3079821599217314
 12
0.0
 22
-0.7602243548874889
 32
0.07798215992173138
 13
0.028801477362331195
 23
-0.7525421866917474
 33
0.07263804291599824
  0
3DFACE
  5
8D
330
17
100
AcDbEntity
  8
APPROX_CLIP
100
AcDbFace
 10
0.0
 20
-0.6002243548874889
 30
0.3079821599217314
 11
-0.028801477362331185
 21
-0.5925421866917475
 31
0.3026380429159983
 12
-0.04660176929846253
 22
-0.5724300092480031
 32
0.2886469629551326
 13
-0.04660176929846253
 23
-0.5724300092480031
 33
0.2886469629551326
  0
3DFACE
  5
8E
330
17
100
AcDbEntity
  8
APPROX_CLIP
100
AcDbFace
 10
0.0
 20
-0.7602243548874889
 30
0.07798215992173138
 11
-0.04660176929846253
 21
-0.732430009248003
 31
0.058646962955132546
 12
-0.028801477362331185
 22
-0.7525421866917474
 32
0.07263804291599824
 13
-0.028801477362331185
 23
-0.7525421866917474
 33
0.07263804291599824
  0
3DFACE
  5
8F
330
17
100
AcDbEntity
  8
APPROX_CLIP
100
AcDbFace
 10
0.0
 20
-0.6002243548874889
 30
0.3079821599217314
 11
-0.04660176929846253
 21
-0.5724300092480031
 31
0.2886469629551326
 12
-0.046601769298462534
 22
-0.547569990751997
 32
0.27135303704486746
 13
-0.046601769298462534
 23
-0.547569990751997
 33
0.27135303704486746
  0
3DFACE
  5
90
330
17
100
AcDbEntity
  8
APPROX_CLIP
100
AcDbFace
 10
0.0
 20
-0.7602243548874889
 30
0.07798215992173138
 11
-0.046601769298462534
 21
-0.7075699907519969
 31
0.04135303704486746
 12
-0.04660176929846253
 22
-0.732430009248003
 32
0.058646962955132546
 13
-0.04660176929846253
 23
-0.732430009248003
 33
0.058646962955132546
  0
3DFACE
  5
91
330
17
100
AcDbEntity
  8
APPROX_CLIP
100
AcDbFace
 10
0.0
 20
-0.6002243548874889
 30
0.3079821599217314
 11
-0.046601769298462534
 21
-0.547569990751997
 31
0.27135303704486746
 12
-0.028801477362331192
 22
-0.5274578133082526
 32
0.2573619570840018
 13
-0.028801477362331192
 23
-0.5274578133082526
 33
0.2573619570840018
  0
3DFACE
  5
92
330
17
100
AcDbEntity
  8
APPROX_CLIP
100
AcDbFace
 10
0.0
 20
-0.7602243548874889
 30
0.07798215992173138
 11
-0.028801477362331192
 21
-0.6874578133082525
 31
0.02736195708400177
 12
-0.046601769298462534
 22
-0.7075699907519969
 32
0.04135303704486746
 13
-0.046601769298462534
 23
-0.7075699907519969
 33
0.04135303704486746
  0
3DFACE
  5
93
330
17
100
AcDbEntity
  8
APPROX_CLIP
100
AcDbFace
 10
0.0
 20
-0.6002243548874889
 30
0.3079821599217314
 11
-0.028801477362331192
 21
-0.5274578133082526
 31
0.2573619570840018
 12
-6.000769315822031e-18
 22
-0.5197756451125112
 32
0.25201784007826866
 13
-6.000769315822031e-18
 23
-0.5197756451125112
 33
0.25201784007826866
  0
3DFACE
  5
94
330
17
100
AcDbEntity
  8
APPROX_CLIP
100
AcDbFace
 10
0.0
 20
-0.7602243548874889
 30
0.07798215992173138
 11
-6.000769315822031e-18
 21
-0.6797756451125111
 31
0.022017840078268625
 12
-0.028801477362331192
 22
-0.6874578133082525
 32
0.02736195708400177
 13
-0.028801477362331192
 23
-0.6874578133082525
 33
0.02736195708400177
  0
3DFACE
  5
95
330
17
100
AcDbEntity
  8
APPROX_CLIP
100
AcDbFace
 10
0.0
 20
-0.6002243548874889
 30
0.3079821599217314
 11
-6.000769315822031e-18
 21
-0.5197756451125112
 31
0.25201784007826866
 12
0.028801477362331178
 22
-0.5274578133082526
 32
0.2573619570840018
 13
0.028801477362331178
 23
-0.5274578133082526
 33
0.2573619570840018
  0
3DFACE
  5
96
330
17
100
AcDbEntity
  8
APPROX_CLIP
100
AcDbFace
 10
0.0
 20
-0.7602243548874889
 30
0.07798215992173138
 11
0.028801477362331178
 21
-0.6874578133082525
 31
0.027361957084001763
 12
-6.000769315822031e-18
 22
-0.6797756451125111
 32
0.022017840078268625
 13
-6.000769315822031e-18
 23
-0.6797756451125111
 33
0.022017840078268625
  0
3DFACE
  5
97
330
17
100
AcDbEntity
  8
APPROX_CLIP
100
AcDbFace
 10
0.0
 20
-0.6002243548874889
 30
0.3079821599217314
 11
0.028801477362331178
 21
-0.5274578133082526
 31
0.2573619570840018
 12
0.04660176929846253
 22
-0.547569990751997
 32
0.27135303704486746
 13
0.04660176929846253
 23
-0.547569990751997
 33
0.27135303704486746
  0
3DFACE
  5
98
330
17
100
AcDbEntity
  8
APPROX_CLIP
100
AcDbFace
 10
0.0
 20
-0.7602243548874889
 30
0.07798215992173138
 11
0.04660176929846253
 21
-0.7075699907519969
 31
0.04135303704486745
 12
0.028801477362331178
 22
-0.6874578133082525
 32
0.027361957084001763
 13
0.028801477362331178
 23
-0.6874578133082525
 33
0.027361957084001763
  0
3DFACE
  5
99
330
17
100
AcDbEntity
  8
APPROX_CLIP
100
AcDbFace
 10
0.0
 20
-0.6002243548874889
 30
0.3079821599217314
 11
0.04660176929846253
 21
-0.547569990751997
 31
0.27135303704486746
 12
0.046601769298462534
 22
-0.5724300092480031
 32
0.2886469629551326
 13
0.046601769298462534
 23
-0.5724300092480031
 33
0.2886469629551326
  0
3DFACE
  5
9A
330
17
100
AcDbEntity
  8
APPROX_CLIP
100
AcDbFace
 10
0.0
 20
-0.7602243548874889
 30
0.07798215992173138
 11
0.046601769298462534
 21
-0.732430009248003
 31
0.05864696295513254
 12
0.04660176929846253
 22
-0.7075699907519969
 32
0.04135303704486745
 13
0.04660176929846253
 23
-0.7075699907519969
 33
0.04135303704486745
  0
3DFACE
  5
9B
330
17
100
AcDbEntity
  8
APPROX_CLIP
100
AcDbFace
 10
0.0
 20
-0.6002243548874889
 30
0.3079821599217314
 11
0.046601769298462534
 21
-0.5724300092480031
 31
0.2886469629551326
 12
0.028801477362331195
 22
-0.5925421866917475
 32
0.3026380429159983
 13
0.028801477362331195
 23
-0.5925421866917475
 33
0.3026380429159983
  0
3DFACE
  5
9C
330
17
100
AcDbEntity
  8
APPROX_CLIP
100
AcDbFace
 10
0.0
 20
-0.7602243548874889
 30
0.07798215992173138
 11
0.028801477362331195
 21
-0.7525421866917474
 31
0.07263804291599824
 12
0.046601769298462534
 22
-0.732430009248003
 32
0.05864696295513254
 13
0.046601769298462534
 23
-0.732430009248003
 33
0.05864696295513254
  0
3DFACE
  5
9D
330
17
100
AcDbEntity
  8
APPROX_CLIP
100
AcDbFace
 10
0.0
 20
-0.7607704644225544
 30
0.07718030961503623
 11
-0.028801477362331185
 21
-0.7529839985864056
 31
0.0719893323909371
 12
-0.028801477362331185
 22
-0.8929839985864056
 32
-0.13801066760906291
 13
0.0
 23
-0.9007704644225544
 33
-0.13281969038496377
  0
3DFACE
  5
9E
330
17
100
AcDbEntity
  8
APPROX_CLIP
100
AcDbFace
 10
-0.028801477362331185
 20
-0.7529839985864056
 30
0.0719893323909371
 11
-0.04660176929846253
 21
-0.7325987663751284
 31
0.05839917758341898
 12
-0.04660176929846253
 22
-0.8725987663751285
 32
-0.15160082241658102
 13
-0.028801477362331185
 23
-0.8929839985864056
 33
-0.13801066760906291
  0
3DFACE
  5
9F
330
17
100
AcDbEntity
  8
APPROX_CLIP
100
AcDbFace
 10
-0.04660176929846253
 20
-0.7325987663751284
 30
0.05839917758341898
 11
-0.046601769298462534
 21
-0.7074012336248715
 31
0.04160082241658103
 12
-0.046601769298462534
 22
-0.8474012336248715
 32
-0.168399177583419
 13
-0.04660176929846253
 23
-0.8725987663751285
 33
-0.15160082241658102
  0
3DFACE
  5
A0
330
17
100
AcDbEntity
  8
APPROX_CLIP
100
AcDbFace
 10
-0.046601769298462534
 20
-0.7074012336248715
 30
0.04160082241658103
 11
-0.028801477362331192
 21
-0.6870160014135943
 31
0.02801066760906291
 12
-0.028801477362331192
 22
-0.8270160014135943
 32
-0.1819893323909371
 13
-0.046601769298462534
 23
-0.8474012336248715
 33
-0.168399177583419
  0
3DFACE
  5
A1
330
17
100
AcDbEntity
  8
APPROX_CLIP
100
AcDbFace
 10
-0.028801477362331192
 20
-0.6870160014135943
 30
0.02801066760906291
 11
-6.000769315822031e-18
 21
-0.6792295355774456
 31
0.022819690384963773
 12
-6.000769315822031e-18
 22
-0.8192295355774456
 32
-0.18718030961503623
 13
-0.028801477362331192
 23
-0.8270160014135943
 33
-0.1819893323909371
  0
3DFACE
  5
A2
330
17
100
AcDbEntity
  8
APPROX_CLIP
100
AcDbFace
 10
-6.000769315822031e-18
 20
-0.6792295355774456
 30
0.022819690384963773
 11
0.028801477362331178
 21
-0.6870160014135943
 31
0.028010667609062907
 12
0.028801477362331178
 22
-0.8270160014135943
 32
-0.1819893323909371
 13
-6.000769315822031e-18
 23
-0.8192295355774456
 33
-0.18718030961503623
  0
3DFACE
  5
A3
330
17
100
AcDbEntity
  8
APPROX_CLIP
100
AcDbFace
 10
0.028801477362331178
 20
-0.6870160014135943
 30
0.028010667609062907
 11
0.04660176929846253
 21
-0.7074012336248715
 31
0.041600822416581015
 12
0.04660176929846253
 22
-0.8474012336248715
 32
-0.168399177583419
 13
0.028801477362331178
 23
-0.8270160014135943
 33
-0.1819893323909371
  0
3DFACE
  5
A4
330
17
100
AcDbEntity
  8
APPROX_CLIP
100
AcDbFace
 10
0.04660176929846253
 20
-0.7074012336248715
 30
0.041600822416581015
 11
0.046601769298462534
 21
-0.7325987663751284
 31
0.058399177583418976
 12
0.046601769298462534
 22
-0.8725987663751285
 32
-0.15160082241658102
 13
0.04660176929846253
 23
-0.8474012336248715
 33
-0.168399177583419
  0
3DFACE
  5
A5
330
17
100
AcDbEntity
  8
APPROX_CLIP
100
AcDbFace
 10
0.046601769298462534
 20
-0.7325987663751284
 30
0.058399177583418976
 11
0.028801477362331195
 21
-0.7529839985864056
 31
0.07198933239093709
 12
0.028801477362331195
 22
-0.8929839985864056
 32
-0.13801066760906291
 13
0.046601769298462534
 23
-0.8725987663751285
 33
-0.15160082241658102
  0
3DFACE
  5
A6
330
17
100
AcDbEntity
  8
APPROX_CLIP
100
AcDbFace
 10
0.028801477362331195
 20
-0.7529839985864056
 30
0.07198933239093709
 11
0.0
 21
-0.7607704644225544
 31
0.07718030961503623
 12
0.0
 22
-0.9007704644225544
 32
-0.13281969038496377
 13
0.028801477362331195
 23
-0.8929839985864056
 33
-0.13801066760906291
  0
3DFACE
  5
A7
330
17
100
AcDbEntity
  8
APPROX_CLIP
100
AcDbFace
 10
0.0
 20
-0.7607704644225544
 30
0.07718030961503623
 11
-0.028801477362331185
 21
-0.7529839985864056
 31
0.0719893323909371
 12
-0.04660176929846253
 22
-0.7325987663751284
 32
0.05839917758341898
 13
-0.04660176929846253
 23
-0.7325987663751284
 33
0.05839917758341898
  0
3DFACE
  5
A8
330
17
100
AcDbEntity
  8
APPROX_CLIP
100
AcDbFace
 10
0.0
 20
-0.9007704644225544
 30
-0.13281969038496377
 11
-0.04660176929846253
 21
-0.8725987663751285
 31
-0.15160082241658102
 12
-0.028801477362331185
 22
-0.8929839985864056
 32
-0.13801066760906291
 13
-0.028801477362331185
 23
-0.8929839985864056
 33
-0.13801066760906291
  0
3DFACE
  5
A9
330
17
100
AcDbEntity
  8
APPROX_CLIP
100
AcDbFace
 10
0.0
 20
-0.7607704644225544
 30
0.07718030961503623
 11
-0.04660176929846253
 21
-0.7325987663751284
 31
0.05839917758341898
 12
-0.046601769298462534
 22
-0.7074012336248715
 32
0.04160082241658103
 13
-0.046601769298462534
 23
-0.7074012336248715
 33
0.04160082241658103
  0
3DFACE
  5
AA
330
17
100
AcDbEntity
  8
APPROX_CLIP
100
AcDbFace
 10
0.0
 20
-0.9007704644225544
 30
-0.13281969038496377
 11
-0.046601769298462534
 21
-0.8474012336248715
 31
-0.168399177583419
 12
-0.04660176929846253
 22
-0.8725987663751285
 32
-0.15160082241658102
 13
-0.04660176929846253
 23
-0.8725987663751285
 33
-0.15160082241658102
  0
3DFACE
  5
AB
330
17
100
AcDbEntity
  8
APPROX_CLIP
100
AcDbFace
 10
0.0
 20
-0.7607704644225544
 30
0.07718030961503623
 11
-0.046601769298462534
 21
-0.7074012336248715
 31
0.04160082241658103
 12
-0.028801477362331192
 22
-0.6870160014135943
 32
0.02801066760906291
 13
-0.028801477362331192
 23
-0.6870160014135943
 33
0.02801066760906291
  0
3DFACE
  5
AC
330
17
100
AcDbEntity
  8
APPROX_CLIP
100
AcDbFace
 10
0.0
 20
-0.9007704644225544
 30
-0.13281969038496377
 11
-0.028801477362331192
 21
-0.8270160014135943
 31
-0.1819893323909371
 12
-0.046601769298462534
 22
-0.8474012336248715
 32
-0.168399177583419
 13
-0.046601769298462534
 23
-0.8474012336248715
 33
-0.168399177583419
  0
3DFACE
  5
AD
330
17
100
AcDbEntity
  8
APPROX_CLIP
100
AcDbFace
 10
0.0
 20
-0.7607704644225544
 30
0.07718030961503623
 11
-0.028801477362331192
 21
-0.6870160014135943
 31
0.02801066760906291
 12
-6.000769315822031e-18
 22
-0.6792295355774456
 32
0.022819690384963773
 13
-6.000769315822031e-18
 23
-0.6792295355774456
 33
0.022819690384963773
  0
3DFACE
  5
AE
330
17
100
AcDbEntity
  8
APPROX_CLIP
100
AcDbFace
 10
0.0
 20
-0.9007704644225544
 30
-0.13281969038496377
 11
-6.000769315822031e-18
 21
-0.8192295355774456
 31
-0.18718030961503623
 12
-0.028801477362331192
 22
-0.8270160014135943
 32
-0.1819893323909371
 13
-0.028801477362331192
 23
-0.8270160014135943
 33
-0.1819893323909371
  0
3DFACE
  5
AF
330
17
100
AcDbEntity
  8
APPROX_CLIP
100
AcDbFace
 10
0.0
 20
-0.7607704644225544
 30
0.07718030961503623
 11
-6.000769315822031e-18
 21
-0.6792295355774456
 31
0.022819690384963773
 12
0.028801477362331178
 22
-0.6870160014135943
 32
0.028010667609062907
 13
0.028801477362331178
 23
-0.6870160014135943
 33
0.028010667609062907
  0
3DFACE
  5
B0
330
17
100
AcDbEntity
  8
APPROX_CLIP
100
AcDbFace
 10
0.0
 20
-0.9007704644225544
 30
-0.13281969038496377
 11
0.028801477362331178
 21
-0.8270160014135943
 31
-0.1819893323909371
 12
-6.000769315822031e-18
 22
-0.8192295355774456
 32
-0.18718030961503623
 13
-6.000769315822031e-18
 23
-0.8192295355774456
 33
-0.18718030961503623
  0
3DFACE
  5
B1
330
17
100
AcDbEntity
  8
APPROX_CLIP
100
AcDbFace
 10
0.0
 20
-0.7607704644225544
 30
0.07718030961503623
 11
0.028801477362331178
 21
-0.6870160014135943
 31
0.028010667609062907
 12
0.04660176929846253
 22
-0.7074012336248715
 32
0.041600822416581015
 13
0.04660176929846253
 23
-0.7074012336248715
 33
0.041600822416581015
  0
3DFACE
  5
B2
330
17
100
AcDbEntity
  8
APPROX_CLIP
100
AcDbFace
 10
0.0
 20
-0.9007704644225544
 30
-0.13281969038496377
 11
0.04660176929846253
 21
-0.8474012336248715
 31
-0.168399177583419
 12
0.028801477362331178
 22
-0.8270160014135943
 32
-0.1819893323909371
 13
0.028801477362331178
 23
-0.8270160014135943
 33
-0.1819893323909371
  0
3DFACE
  5
B3
330
17
100
AcDbEntity
  8
APPROX_CLIP
100
AcDbFace
 10
0.0
 20
-0.7607704644225544
 30
0.07718030961503623
 11
0.04660176929846253
 21
-0.7074012336248715
 31
0.041600822416581015
 12
0.046601769298462534
 22
-0.7325987663751284
 32
0.058399177583418976
 13
0.046601769298462534
 23
-0.7325987663751284
 33
0.058399177583418976
  0
3DFACE
  5
B4
330
17
100
AcDbEntity
  8
APPROX_CLIP
100
AcDbFace
 10
0.0
 20
-0.9007704644225544
 30
-0.13281969038496377
 11
0.046601769298462534
 21
-0.8725987663751285
 31
-0.15160082241658102
 12
0.04660176929846253
 22
-0.8474012336248715
 32
-0.168399177583419
 13
0.04660176929846253
 23
-0.8474012336248715
 33
-0.168399177583419
  0
3DFACE
  5
B5
330
17
100
AcDbEntity
  8
APPROX_CLIP
100
AcDbFace
 10
0.0
 20
-0.7607704644225544
 30
0.07718030961503623
 11
0.046601769298462534
 21
-0.7325987663751284
 31
0.058399177583418976
 12
0.028801477362331195
 22
-0.7529839985864056
 32
0.07198933239093709
 13
0.028801477362331195
 23
-0.7529839985864056
 33
0.07198933239093709
  0
3DFACE
  5
B6
330
17
100
AcDbEntity
  8
APPROX_CLIP
100
AcDbFace
 10
0.0
 20
-0.9007704644225544
 30
-0.13281969038496377
 11
0.028801477362331195
 21
-0.8929839985864056
 31
-0.13801066760906291
 12
0.046601769298462534
 22
-0.8725987663751285
 32
-0.15160082241658102
 13
0.046601769298462534
 23
-0.8725987663751285
 33
-0.15160082241658102
  0
3DFACE
  5
B7
330
17
100
AcDbEntity
  8
APPROX_CLIP
100
AcDbFace
 10
0.0
 20
-0.9088556697895774
 30
-0.1562418715546479
 11
-0.028801477362331178
 21
-0.8995250671313388
 31
-0.15695961022066623
 12
-0.028801477362331178
 22
-0.9095250671313388
 32
-0.28695961022066624
 13
0.0
 23
-0.9188556697895774
 33
-0.28624187155464786
  0
3DFACE
  5
B8
330
17
100
AcDbEntity
  8
APPROX_CLIP
100
AcDbFace
 10
-0.028801477362331178
 20
-0.8995250671313388
 30
-0.15695961022066623
 11
-0.04660176929846252
 21
-0.8750972322365501
 31
-0.1588386744433423
 12
-0.04660176929846252
 22
-0.8850972322365501
 32
-0.28883867444334227
 13
-0.028801477362331178
 23
-0.9095250671313388
 33
-0.28695961022066624
  0
3DFACE
  5
B9
330
17
100
AcDbEntity
  8
APPROX_CLIP
100
AcDbFace
 10
-0.04660176929846252
 20
-0.8750972322365501
 30
-0.1588386744433423
 11
-0.04660176929846253
 21
-0.8449027677634499
 31
-0.16116132555665771
 12
-0.04660176929846253
 22
-0.8549027677634499
 32
-0.2911613255566577
 13
-0.04660176929846252
 23
-0.8850972322365501
 33
-0.28883867444334227
  0
3DFACE
  5
BA
330
17
100
AcDbEntity
  8
APPROX_CLIP
100
AcDbFace
 10
-0.04660176929846253
 20
-0.8449027677634499
 30
-0.16116132555665771
 11
-0.028801477362331185
 21
-0.8204749328686611
 31
-0.16304038977933377
 12
-0.028801477362331185
 22
-0.8304749328686611
 32
-0.2930403897793337
 13
-0.04660176929846253
 23
-0.8549027677634499
 33
-0.2911613255566577
  0
3DFACE
  5
BB
330
17
100
AcDbEntity
  8
APPROX_CLIP
100
AcDbFace
 10
-0.028801477362331185
 20
-0.8204749328686611
 30
-0.16304038977933377
 11
-6.00076931582203e-18
 21
-0.8111443302104225
 31
-0.16375812844535212
 12
-6.00076931582203e-18
 22
-0.8211443302104225
 32
-0.2937581284453521
 13
-0.028801477362331185
 23
-0.8304749328686611
 33
-0.2930403897793337
  0
3DFACE
  5
BC
330
17
100
AcDbEntity
  8
APPROX_CLIP
100
AcDbFace
 10
-6.00076931582203e-18
 20
-0.8111443302104225
 30
-0.16375812844535212
 11
0.028801477362331174
 21
-0.820474932868661
 31
-0.16304038977933377
 12
0.028801477362331174
 22
-0.830474932868661
 32
-0.2930403897793337
 13
-6.00076931582203e-18
 23
-0.8211443302104225
 33
-0.2937581284453521
  0
3DFACE
  5
BD
330
17
100
AcDbEntity
  8
APPROX_CLIP
100
AcDbFace
 10
0.028801477362331174
 20
-0.820474932868661
 30
-0.16304038977933377
 11
0.04660176929846252
 21
-0.8449027677634499
 31
-0.16116132555665771
 12
0.04660176929846252
 22
-0.8549027677634499
 32
-0.2911613255566577
 13
0.028801477362331174
 23
-0.830474932868661
 33
-0.2930403897793337
  0
3DFACE
  5
BE
330
17
100
AcDbEntity
  8
APPROX_CLIP
100
AcDbFace
 10
0.04660176929846252
 20
-0.8449027677634499
 30
-0.16116132555665771
 11
0.04660176929846253
 21
-0.8750972322365501
 31
-0.1588386744433423
 12
0.04660176929846253
 22
-0.8850972322365501
 32
-0.28883867444334227
 13
0.04660176929846252
 23
-0.8549027677634499
 33
-0.2911613255566577
  0
3DFACE
  5
BF
330
17
100
AcDbEntity
  8
APPROX_CLIP
100
AcDbFace
 10
0.04660176929846253
 20
-0.8750972322365501
 30
-0.1588386744433423
 11
0.028801477362331192
 21
-0.8995250671313388
 31
-0.15695961022066623
 12
0.028801477362331192
 22
-0.9095250671313388
 32
-0.28695961022066624
 13
0.04660176929846253
 23
-0.8850972322365501
 33
-0.28883867444334227
  0
3DFACE
  5
C0
330
17
100
AcDbEntity
  8
APPROX_CLIP
100
AcDbFace
 10
0.028801477362331192
 20
-0.8995250671313388
 30
-0.15695961022066623
 11
0.0
 21
-0.9088556697895774
 31
-0.1562418715546479
 12
0.0
 22
-0.9188556697895774
 32
-0.28624187155464786
 13
0.028801477362331192
 23
-0.9095250671313388
 33
-0.28695961022066624
  0
3DFACE
  5
C1
330
17
100
AcDbEntity
  8
APPROX_CLIP
100
AcDbFace
 10
0.0
 20
-0.9088556697895774
 30
-0.1562418715546479
 11
-0.028801477362331178
 21
-0.8995250671313388
 31
-0.15695961022066623
 12
-0.04660176929846252
 22
-0.8750972322365501
 32
-0.1588386744433423
 13
-0.04660176929846252
 23
-0.8750972322365501
 33
-0.1588386744433423
  0
3DFACE
  5
C2
330
17
100
AcDbEntity
  8
APPROX_CLIP
100
AcDbFace
 10
0.0
 20
-0.9188556697895774
 30
-0.28624187155464786
 11
-0.04660176929846252
 21
-0.8850972322365501
 31
-0.28883867444334227
 12
-0.028801477362331178
 22
-0.9095250671313388
 32
-0.28695961022066624
 13
-0.028801477362331178
 23
-0.9095250671313388
 33
-0.28695961022066624
  0
3DFACE
  5
C3
330
17
100
AcDbEntity
  8
APPROX_CLIP
100
AcDbFace
 10
0.0
 20
-0.9088556697895774
 30
-0.1562418715546479
 11
-0.04660176929846252
 21
-0.8750972322365501
 31
-0.1588386744433423
 12
-0.04660176929846253
 22
-0.8449027677634499
 32
-0.16116132555665771
 13
-0.04660176929846253
 23
-0.8449027677634499
 33
-0.16116132555665771
  0
3DFACE
  5
C4
330
17
100
AcDbEntity
  8
APPROX_CLIP
100
AcDbFace
 10
0.0
 20
-0.9188556697895774
 30
-0.28624187155464786
 11
-0.04660176929846253
 21
-0.8549027677634499
 31
-0.2911613255566577
 12
-0.04660176929846252
 22
-0.8850972322365501
 32
-0.28883867444334227
 13
-0.04660176929846252
 23
-0.8850972322365501
 33
-0.28883867444334227
  0
3DFACE
  5
C5
330
17
100
AcDbEntity
  8
APPROX_CLIP
100
AcDbFace
 10
0.0
 20
-0.9088556697895774
 30
-0.1562418715546479
 11
-0.04660176929846253
 21
-0.8449027677634499
 31
-0.16116132555665771
 12
-0.028801477362331185
 22
-0.8204749328686611
 32
-0.16304038977933377
 13
-0.028801477362331185
 23
-0.8204749328686611
 33
-0.16304038977933377
  0
3DFACE
  5
C6
330
17
100
AcDbEntity
  8
APPROX_CLIP
100
AcDbFace
 10
0.0
 20
-0.9188556697895774
 30
-0.28624187155464786
 11
-0.028801477362331185
 21
-0.8304749328686611
 31
-0.2930403897793337
 12
-0.04660176929846253
 22
-0.8549027677634499
 32
-0.2911613255566577
 13
-0.04660176929846253
 23
-0.8549027677634499
 33
-0.2911613255566577
  0
3DFACE
  5
C7
330
17
100
AcDbEntity
  8
APPROX_CLIP
100
AcDbFace
 10
0.0
 20
-0.9088556697895774
 30
-0.1562418715546479
 11
-0.028801477362331185
 21
-0.8204749328686611
 31
-0.16304038977933377
 12
-6.00076931582203e-18
 22
-0.8111443302104225
 32
-0.16375812844535212
 13
-6.00076931582203e-18
 23
-0.8111443302104225
 33
-0.16375812844535212
  0
3DFACE
  5
C8
330
17
100
AcDbEntity
  8
APPROX_CLIP
100
AcDbFace
 10
0.0
 20
-0.9188556697895774
 30
-0.28624187155464786
 11
-6.00076931582203e-18
 21
-0.8211443302104225
 31
-0.2937581284453521
 12
-0.028801477362331185
 22
-0.8304749328686611
 32
-0.2930403897793337
 13
-0.028801477362331185
 23
-0.8304749328686611
 33
-0.2930403897793337
  0
3DFACE
  5
C9
330
17
100
AcDbEntity
  8
APPROX_CLIP
100
AcDbFace
 10
0.0
 20
-0.9088556697895774
 30
-0.1562418715546479
 11
-6.00076931582203e-18
 21
-0.8111443302104225
 31
-0.16375812844535212
 12
0.028801477362331174
 22
-0.820474932868661
 32
-0.16304038977933377
 13
0.028801477362331174
 23
-0.820474932868661
 33
-0.16304038977933377
  0
3DFACE
  5
CA
330
17
100
AcDbEntity
  8
APPROX_CLIP
100
AcDbFace
 10
0.0
 20
-0.9188556697895774
 30
-0.28624187155464786
 11
0.028801477362331174
 21
-0.830474932868661
 31
-0.2930403897793337
 12
-6.00076931582203e-18
 22
-0.8211443302104225
 32
-0.2937581284453521
 13
-6.00076931582203e-18
 23
-0.8211443302104225
 33
-0.2937581284453521
  0
3DFACE
  5
CB
330
17
100
AcDbEntity
  8
APPROX_CLIP
100
AcDbFace
 10
0.0
 20
-0.9088556697895774
 30
-0.1562418715546479
 11
0.028801477362331174
 21
-0.820474932868661
 31
-0.16304038977933377
 12
0.04660176929846252
 22
-0.8449027677634499
 32
-0.16116132555665771
 13
0.04660176929846252
 23
-0.8449027677634499
 33
-0.16116132555665771
  0
3DFACE
  5
CC
330
17
100
AcDbEntity
  8
APPROX_CLIP
100
AcDbFace
 10
0.0
 20
-0.9188556697895774
 30
-0.28624187155464786
 11
0.04660176929846252
 21
-0.8549027677634499
 31
-0.2911613255566577
 12
0.028801477362331174
 22
-0.830474932868661
 32
-0.2930403897793337
 13
0.028801477362331174
 23
-0.830474932868661
 33
-0.2930403897793337
  0
3DFACE
  5
CD
330
17
100
AcDbEntity
  8
APPROX_CLIP
100
AcDbFace
 10
0.0
 20
-0.9088556697895774
 30
-0.1562418715546479
 11
0.04660176929846252
 21
-0.8449027677634499
 31
-0.16116132555665771
 12
0.04660176929846253
 22
-0.8750972322365501
 32
-0.1588386744433423
 13
0.04660176929846253
 23
-0.8750972322365501
 33
-0.1588386744433423
  0
3DFACE
  5
CE
330
17
100
AcDbEntity
  8
APPROX_CLIP
100
AcDbFace
 10
0.0
 20
-0.9188556697895774
 30
-0.28624187155464786
 11
0.04660176929846253
 21
-0.8850972322365501
 31
-0.28883867444334227
 12
0.04660176929846252
 22
-0.8549027677634499
 32
-0.2911613255566577
 13
0.04660176929846252
 23
-0.8549027677634499
 33
-0.2911613255566577
  0
3DFACE
  5
CF
330
17
100
AcDbEntity
  8
APPROX_CLIP
100
AcDbFace
 10
0.0
 20
-0.9088556697895774
 30
-0.1562418715546479
 11
0.04660176929846253
 21
-0.8750972322365501
 31
-0.1588386744433423
 12
0.028801477362331192
 22
-0.8995250671313388
 32
-0.15695961022066623
 13
0.028801477362331192
 23
-0.8995250671313388
 33
-0.15695961022066623
  0
3DFACE
  5
D0
330
17
100
AcDbEntity
  8
APPROX_CLIP
100
AcDbFace
 10
0.0
 20
-0.9188556697895774
 30
-0.28624187155464786
 11
0.028801477362331192
 21
-0.9095250671313388
 31
-0.28695961022066624
 12
0.04660176929846253
 22
-0.8850972322365501
 32
-0.28883867444334227
 13
0.04660176929846253
 23
-0.8850972322365501
 33
-0.28883867444334227
  0
3DFACE
  5
D1
330
17
100
AcDbEntity
  8
APPROX_CLIP
100
AcDbFace
 10
0.0
 20
-0.9144900098405221
 30
-0.31053385069562556
 11
-0.028801477362331185
 21
-0.9059931740408911
 31
-0.30661223417271893
 12
-0.028801477362331185
 22
-0.8459931740408911
 32
-0.43661223417271894
 13
0.0
 23
-0.8544900098405221
 33
-0.44053385069562556
  0
3DFACE
  5
D2
330
17
100
AcDbEntity
  8
APPROX_CLIP
100
AcDbFace
 10
-0.028801477362331185
 20
-0.9059931740408911
 30
-0.30661223417271893
 11
-0.04660176929846253
 21
-0.88374816912063
 31
-0.2963453088249061
 12
-0.04660176929846253
 22
-0.8237481691206301
 32
-0.4263453088249061
 13
-0.028801477362331185
 23
-0.8459931740408911
 33
-0.43661223417271894
  0
3DFACE
  5
D3
330
17
100
AcDbEntity
  8
APPROX_CLIP
100
AcDbFace
 10
-0.04660176929846253
 20
-0.88374816912063
 30
-0.2963453088249061
 11
-0.046601769298462534
 21
-0.8562518308793701
 31
-0.28365469117509384
 12
-0.046601769298462534
 22
-0.79625183087937
 32
-0.41365469117509385
 13
-0.04660176929846253
 23
-0.8237481691206301
 33
-0.4263453088249061
  0
3DFACE
  5
D4
330
17
100
AcDbEntity
  8
APPROX_CLIP
100
AcDbFace
 10
-0.046601769298462534
 20
-0.8562518308793701
 30
-0.28365469117509384
 11
-0.028801477362331192
 21
-0.8340068259591089
 31
-0.273387765827281
 12
-0.028801477362331192
 22
-0.774006825959109
 32
-0.40338776582728103
 13
-0.046601769298462534
 23
-0.79625183087937
 33
-0.41365469117509385
  0
3DFACE
  5
D5
330
17
100
AcDbEntity
  8
APPROX_CLIP
100
AcDbFace
 10
-0.028801477362331192
 20
-0.8340068259591089
 30
-0.273387765827281
 11
-6.000769315822031e-18
 21
-0.8255099901594779
 31
-0.2694661493043744
 12
-6.000769315822031e-18
 22
-0.765509990159478
 32
-0.3994661493043744
 13
-0.028801477362331192
 23
-0.774006825959109
 33
-0.40338776582728103
  0
3DFACE
  5
D6
330
17
100
AcDbEntity
  8
APPROX_CLIP
100
AcDbFace
 10
-6.000769315822031e-18
 20
-0.8255099901594779
 30
-0.2694661493043744
 11
0.028801477362331178
 21
-0.8340068259591089
 31
-0.273387765827281
 12
0.028801477362331178
 22
-0.774006825959109
 32
-0.40338776582728103
 13
-6.000769315822031e-18
 23
-0.765509990159478
 33
-0.3994661493043744
  0
3DFACE
  5
D7
330
17
100
AcDbEntity
  8
APPROX_CLIP
100
AcDbFace
 10
0.028801477362331178
 20
-0.8340068259591089
 30
-0.273387765827281
 11
0.04660176929846253
 21
-0.85625183087937
 31
-0.28365469117509384
 12
0.04660176929846253
 22
-0.79625183087937
 32
-0.41365469117509385
 13
0.028801477362331178
 23
-0.774006825959109
 33
-0.40338776582728103
  0
3DFACE
  5
D8
330
17
100
AcDbEntity
  8
APPROX_CLIP
100
AcDbFace
 10
0.04660176929846253
 20
-0.85625183087937
 30
-0.28365469117509384
 11
0.046601769298462534
 21
-0.8837481691206299
 31
-0.2963453088249061
 12
0.046601769298462534
 22
-0.82374816912063
 32
-0.4263453088249061
 13
0.04660176929846253
 23
-0.79625183087937
 33
-0.41365469117509385
  0
3DFACE
  5
D9
330
17
100
AcDbEntity
  8
APPROX_CLIP
100
AcDbFace
 10
0.046601769298462534
 20
-0.8837481691206299
 30
-0.2963453088249061
 11
0.028801477362331195
 21
-0.9059931740408911
 31
-0.30661223417271893
 12
0.028801477362331195
 22
-0.8459931740408911
 32
-0.43661223417271894
 13
0.046601769298462534
 23
-0.82374816912063
 33
-0.4263453088249061
  0
3DFACE
  5
DA
330
17
100
AcDbEntity
  8
APPROX_CLIP
100
AcDbFace
 10
0.028801477362331195
 20
-0.9059931740408911
 30
-0.30661223417271893
 11
0.0
 21
-0.9144900098405221
 31
-0.31053385069562556
 12
0.0
 22
-0.8544900098405221
 32
-0.44053385069562556
 13
0.028801477362331195
 23
-0.8459931740408911
 33
-0.43661223417271894
  0
3DFACE
  5
DB
330
17
100
AcDbEntity
  8
APPROX_CLIP
100
AcDbFace
 10
0.0
 20
-0.9144900098405221
 30
-0.31053385069562556
 11
-0.028801477362331185
 21
-0.9059931740408911
 31
-0.30661223417271893
 12
-0.04660176929846253
 22
-0.88374816912063
 32
-0.2963453088249061
 13
-0.04660176929846253
 23
-0.88374816912063
 33
-0.2963453088249061
  0
3DFACE
  5
DC
330
17
100
AcDbEntity
  8
APPROX_CLIP
100
AcDbFace
 10
0.0
 20
-0.8544900098405221
 30
-0.44053385069562556
 11
-0.04660176929846253
 21
-0.8237481691206301
 31
-0.4263453088249061
 12
-0.028801477362331185
 22
-0.8459931740408911
 32
-0.43661223417271894
 13
-0.028801477362331185
 23
-0.8459931740408911
 33
-0.43661223417271894
  0
3DFACE
  5
DD
330
17
100
AcDbEntity
  8
APPROX_CLIP
100
AcDbFace
 10
0.0
 20
-0.9144900098405221
 30
-0.31053385069562556
 11
-0.04660176929846253
 21
-0.88374816912063
 31
-0.2963453088249061
 12
-0.046601769298462534
 22
-0.8562518308793701
 32
-0.28365469117509384
 13
-0.046601769298462534
 23
-0.8562518308793701
 33
-0.28365469117509384
  0
3DFACE
  5
DE
330
17
100
AcDbEntity
  8
APPROX_CLIP
100
AcDbFace
 10
0.0
 20
-0.8544900098405221
 30
-0.44053385069562556
 11
-0.046601769298462534
 21
-0.79625183087937
 31
-0.41365469117509385
 12
-0.04660176929846253
 22
-0.8237481691206301
 32
-0.4263453088249061
 13
-0.04660176929846253
 23
-0.8237481691206301
 33
-0.4263453088249061
  0
3DFACE
  5
DF
330
17
100
AcDbEntity
  8
APPROX_CLIP
100
AcDbFace
 10
0.0
 20
-0.9144900098405221
 30
-0.31053385069562556
 11
-0.046601769298462534
 21
-0.8562518308793701
 31
-0.28365469117509384
 12
-0.028801477362331192
 22
-0.8340068259591089
 32
-0.273387765827281
 13
-0.028801477362331192
 23
-0.8340068259591089
 33
-0.273387765827281
  0
3DFACE
  5
E0
330
17
100
AcDbEntity
  8
APPROX_CLIP
100
AcDbFace
 10
0.0
 20
-0.8544900098405221
 30
-0.44053385069562556
 11
-0.028801477362331192
 21
-0.774006825959109
 31
-0.40338776582728103
 12
-0.046601769298462534
 22
-0.79625183087937
 32
-0.41365469117509385
 13
-0.046601769298462534
 23
-0.79625183087937
 33
-0.41365469117509385
  0
3DFACE
  5
E1
330
17
100
AcDbEntity
  8
APPROX_CLIP
100
AcDbFace
 10
0.0
 20
-0.9144900098405221
 30
-0.31053385069562556
 11
-0.028801477362331192
 21
-0.8340068259591089
 31
-0.273387765827281
 12
-6.000769315822031e-18
 22
-0.8255099901594779
 32
-0.2694661493043744
 13
-6.000769315822031e-18
 23
-0.8255099901594779
 33
-0.2694661493043744
  0
3DFACE
  5
E2
330
17
100
AcDbEntity
  8
APPROX_CLIP
100
AcDbFace
 10
0.0
 20
-0.8544900098405221
 30
-0.44053385069562556
 11
-6.000769315822031e-18
 21
-0.765509990159478
 31
-0.3994661493043744
 12
-0.028801477362331192
 22
-0.774006825959109
 32
-0.40338776582728103
 13
-0.028801477362331192
 23
-0.774006825959109
 33
-0.40338776582728103
  0
3DFACE
  5
E3
330
17
100
AcDbEntity
  8
APPROX_CLIP
100
AcDbFace
 10
0.0
 20
-0.9144900098405221
 30
-0.31053385069562556
 11
-6.000769315822031e-18
 21
-0.8255099901594779
 31
-0.2694661493043744
 12
0.028801477362331178
 22
-0.8340068259591089
 32
-0.273387765827281
 13
0.028801477362331178
 23
-0.8340068259591089
 33
-0.273387765827281
  0
3DFACE
  5
E4
330
17
100
AcDbEntity
  8
APPROX_CLIP
100
AcDbFace
 10
0.0
 20
-0.8544900098405221
 30
-0.44053385069562556
 11
0.028801477362331178
 21
-0.774006825959109
 31
-0.40338776582728103
 12
-6.000769315822031e-18
 22
-0.765509990159478
 32
-0.3994661493043744
 13
-6.000769315822031e-18
 23
-0.765509990159478
 33
-0.3994661493043744
  0
3DFACE
  5
E5
330
17
100
AcDbEntity
  8
APPROX_CLIP
100
AcDbFace
 10
0.0
 20
-0.9144900098405221
 30
-0.31053385069562556
 11
0.028801477362331178
 21
-0.8340068259591089
 31
-0.273387765827281
 12
0.04660176929846253
 22
-0.85625183087937
 32
-0.28365469117509384
 13
0.04660176929846253
 23
-0.85625183087937
 33
-0.28365469117509384
  0
3DFACE
  5
E6
330
17
100
AcDbEntity
  8
APPROX_CLIP
100
AcDbFace
 10
0.0
 20
-0.8544900098405221
 30
-0.44053385069562556
 11
0.04660176929846253
 21
-0.79625183087937
 31
-0.41365469117509385
 12
0.028801477362331178
 22
-0.774006825959109
 32
-0.40338776582728103
 13
0.028801477362331178
 23
-0.774006825959109
 33
-0.40338776582728103
  0
3DFACE
  5
E7
330
17
100
AcDbEntity
  8
APPROX_CLIP
100
AcDbFace
 10
0.0
 20
-0.9144900098405221
 30
-0.31053385069562556
 11
0.04660176929846253
 21
-0.85625183087937
 31
-0.28365469117509384
 12
0.046601769298462534
 22
-0.8837481691206299
 32
-0.2963453088249061
 13
0.046601769298462534
 23
-0.8837481691206299
 33
-0.2963453088249061
  0
3DFACE
  5
E8
330
17
100
AcDbEntity
  8
APPROX_CLIP
100
AcDbFace
 10
0.0
 20
-0.8544900098405221
 30
-0.44053385069562556
 11
0.046601769298462534
 21
-0.82374816912063
 31
-0.4263453088249061
 12
0.04660176929846253
 22
-0.79625183087937
 32
-0.41365469117509385
 13
0.04660176929846253
 23
-0.79625183087937
 33
-0.41365469117509385
  0
3DFACE
  5
E9
330
17
100
AcDbEntity
  8
APPROX_CLIP
100
AcDbFace
 10
0.0
 20
-0.9144900098405221
 30
-0.31053385069562556
 11
0.046601769298462534
 21
-0.8837481691206299
 31
-0.2963453088249061
 12
0.028801477362331195
 22
-0.9059931740408911
 32
-0.30661223417271893
 13
0.028801477362331195
 23
-0.9059931740408911
 33
-0.30661223417271893
  0
3DFACE
  5
EA
330
17
100
AcDbEntity
  8
APPROX_CLIP
100
AcDbFace
 10
0.0
 20
-0.8544900098405221
 30
-0.44053385069562556
 11
0.028801477362331195
 21
-0.8459931740408911
 31
-0.43661223417271894
 12
0.046601769298462534
 22
-0.82374816912063
 32
-0.4263453088249061
 13
0.046601769298462534
 23
-0.82374816912063
 33
-0.4263453088249061
  0
3DFACE
  5
EB
330
17
100
AcDbEntity
  8
APPROX_CLIP
100
AcDbFace
 10
0.0
 20
0.2587653864717992
 30
0.32179037440510455
 11
-0.028801477362331178
 21
0.2570913466179498
 31
0.3309975936012761
 12
-0.028801477362331178
 22
0.3670913466179498
 32
0.35099759360127614
 13
0.0
 23
0.3687653864717992
 33
0.34179037440510457
  0
3DFACE
  5
EC
330
17
100
AcDbEntity
  8
APPROX_CLIP
100
AcDbFace
 10
-0.028801477362331178
 20
0.2570913466179498
 30
0.3309975936012761
 11
-0.04660176929846252
 21
0.25270865338205023
 31
0.35510240639872387
 12
-0.04660176929846252
 22
0.3627086533820502
 32
0.3751024063987239
 13
-0.028801477362331178
 23
0.3670913466179498
 33
0.35099759360127614
  0
3DFACE
  5
ED
330
17
100
AcDbEntity
  8
APPROX_CLIP
100
AcDbFace
 10
-0.04660176929846252
 20
0.25270865338205023
 30
0.35510240639872387
 11
-0.04660176929846253
 21
0.2472913466179498
 31
0.3848975936012761
 12
-0.04660176929846253
 22
0.35729134661794976
 32
0.40489759360127614
 13
-0.04660176929846252
 23
0.3627086533820502
 33
0.3751024063987239
  0
3DFACE
  5
EE
330
17
100
AcDbEntity
  8
APPROX_CLIP
100
AcDbFace
 10
-0.04660176929846253
 20
0.2472913466179498
 30
0.3848975936012761
 11
-0.028801477362331185
 21
0.2429086533820502
 31
0.4090024063987239
 12
-0.028801477362331185
 22
0.3529086533820502
 32
0.4290024063987239
 13
-0.04660176929846253
 23
0.35729134661794976
 33
0.40489759360127614
  0
3DFACE
  5
EF
330
17
100
AcDbEntity
  8
APPROX_CLIP
100
AcDbFace
 10
-0.028801477362331185
 20
0.2429086533820502
 30
0.4090024063987239
 11
-6.00076931582203e-18
 21
0.2412346135282008
 31
0.41820962559489544
 12
-6.00076931582203e-18
 22
0.3512346135282008
 32
0.43820962559489546
 13
-0.028801477362331185
 23
0.3529086533820502
 33
0.4290024063987239
  0
3DFACE
  5
F0
330
17
100
AcDbEntity
  8
APPROX_CLIP
100
AcDbFace
 10
-6.00076931582203e-18
 20
0.2412346135282008
 30
0.41820962559489544
 11
0.028801477362331174
 21
0.2429086533820502
 31
0.4090024063987239
 12
0.028801477362331174
 22
0.3529086533820502
 32
0.4290024063987239
 13
-6.00076931582203e-18
 23
0.3512346135282008
 33
0.43820962559489546
  0
3DFACE
  5
F1
330
17
100
AcDbEntity
  8
APPROX_CLIP
100
AcDbFace
 10
0.028801477362331174
 20
0.2429086533820502
 30
0.4090024063987239
 11
0.04660176929846252
 21
0.2472913466179498
 31
0.3848975936012761
 12
0.04660176929846252
 22
0.35729134661794976
 32
0.40489759360127614
 13
0.028801477362331174
 23
0.3529086533820502
 33
0.4290024063987239
  0
3DFACE
  5
F2
330
17
100
AcDbEntity
  8
APPROX_CLIP
100
AcDbFace
 10
0.04660176929846252
 20
0.2472913466179498
 30
0.3848975936012761
 11
0.04660176929846253
 21
0.25270865338205023
 31
0.35510240639872387
 12
0.04660176929846253
 22
0.3627086533820502
 32
0.3751024063987239
 13
0.04660176929846252
 23
0.35729134661794976
 33
0.40489759360127614
  0
3DFACE
  5
F3
330
17
100
AcDbEntity
  8
APPROX_CLIP
100
AcDbFace
 10
0.04660176929846253
 20
0.25270865338205023
 30
0.35510240639872387
 11
0.028801477362331192
 21
0.2570913466179498
 31
0.3309975936012761
 12
0.028801477362331192
 22
0.3670913466179498
 32
0.35099759360127614
 13
0.04660176929846253
 23
0.3627086533820502
 33
0.3751024063987239
  0
3DFACE
  5
F4
330
17
100
AcDbEntity
  8
APPROX_CLIP
100
AcDbFace
 10
0.028801477362331192
 20
0.2570913466179498
 30
0.3309975936012761
 11
0.0
 21
0.2587653864717992
 31
0.32179037440510455
 12
0.0
 22
0.3687653864717992
 32
0.34179037440510457
 13
0.028801477362331192
 23
0.3670913466179498
 33
0.35099759360127614
  0
3DFACE
  5
F5
330
17
100
AcDbEntity
  8
APPROX_CLIP
100
AcDbFace
 10
0.0
 20
0.2587653864717992
 30
0.32179037440510455
 11
-0.028801477362331178
 21
0.2570913466179498
 31
0.3309975936012761
 12
-0.04660176929846252
 22
0.25270865338205023
 32
0.35510240639872387
 13
-0.04660176929846252
 23
0.25270865338205023
 33
0.35510240639872387
  0
3DFACE
  5
F6
330
17
100
AcDbEntity
  8
APPROX_CLIP
100
AcDbFace
 10
0.0
 20
0.3687653864717992
 30
0.34179037440510457
 11
-0.04660176929846252
 21
0.3627086533820502
 31
0.3751024063987239
 12
-0.028801477362331178
 22
0.3670913466179498
 32
0.35099759360127614
 13
-0.028801477362331178
 23
0.3670913466179498
 33
0.35099759360127614
  0
3DFACE
  5
F7
330
17
100
AcDbEntity
  8
APPROX_CLIP
100
AcDbFace
 10
0.0
 20
0.2587653864717992
 30
0.32179037440510455
 11
-0.04660176929846252
 21
0.25270865338205023
 31
0.35510240639872387
 12
-0.04660176929846253
 22
0.2472913466179498
 32
0.3848975936012761
 13
-0.04660176929846253
 23
0.2472913466179498
 33
0.3848975936012761
  0
3DFACE
  5
F8
330
17
100
AcDbEntity
  8
APPROX_CLIP
100
AcDbFace
 10
0.0
 20
0.3687653864717992
 30
0.34179037440510457
 11
-0.04660176929846253
 21
0.35729134661794976
 31
0.40489759360127614
 12
-0.04660176929846252
 22
0.3627086533820502
 32
0.3751024063987239
 13
-0.04660176929846252
 23
0.3627086533820502
 33
0.3751024063987239
  0
3DFACE
  5
F9
330
17
100
AcDbEntity
  8
APPROX_CLIP
100
AcDbFace
 10
0.0
 20
0.2587653864717992
 30
0.32179037440510455
 11
-0.04660176929846253
 21
0.2472913466179498
 31
0.3848975936012761
 12
-0.028801477362331185
 22
0.2429086533820502
 32
0.4090024063987239
 13
-0.028801477362331185
 23
0.2429086533820502
 33
0.4090024063987239
  0
3DFACE
  5
FA
330
17
100
AcDbEntity
  8
APPROX_CLIP
100
AcDbFace
 10
0.0
 20
0.3687653864717992
 30
0.34179037440510457
 11
-0.028801477362331185
 21
0.3529086533820502
 31
0.4290024063987239
 12
-0.04660176929846253
 22
0.35729134661794976
 32
0.40489759360127614
 13
-0.04660176929846253
 23
0.35729134661794976
 33
0.40489759360127614
  0
3DFACE
  5
FB
330
17
100
AcDbEntity
  8
APPROX_CLIP
100
AcDbFace
 10
0.0
 20
0.2587653864717992
 30
0.32179037440510455
 11
-0.028801477362331185
 21
0.2429086533820502
 31
0.4090024063987239
 12
-6.00076931582203e-18
 22
0.2412346135282008
 32
0.41820962559489544
 13
-6.00076931582203e-18
 23
0.2412346135282008
 33
0.41820962559489544
  0
3DFACE
  5
FC
330
17
100
AcDbEntity
  8
APPROX_CLIP
100
AcDbFace
 10
0.0
 20
0.3687653864717992
 30
0.34179037440510457
 11
-6.00076931582203e-18
 21
0.3512346135282008
 31
0.43820962559489546
 12
-0.028801477362331185
 22
0.3529086533820502
 32
0.4290024063987239
 13
-0.028801477362331185
 23
0.3529086533820502
 33
0.4290024063987239
  0
3DFACE
  5
FD
330
17
100
AcDbEntity
  8
APPROX_CLIP
100
AcDbFace
 10
0.0
 20
0.2587653864717992
 30
0.32179037440510455
 11
-6.00076931582203e-18
 21
0.2412346135282008
 31
0.41820962559489544
 12
0.028801477362331174
 22
0.2429086533820502
 32
0.4090024063987239
 13
0.028801477362331174
 23
0.2429086533820502
 33
0.4090024063987239
  0
3DFACE
  5
FE
330
17
100
AcDbEntity
  8
APPROX_CLIP
100
AcDbFace
 10
0.0
 20
0.3687653864717992
 30
0.34179037440510457
 11
0.028801477362331174
 21
0.3529086533820502
 31
0.4290024063987239
 12
-6.00076931582203e-18
 22
0.3512346135282008
 32
0.43820962559489546
 13
-6.00076931582203e-18
 23
0.3512346135282008
 33
0.43820962559489546
  0
3DFACE
  5
FF
330
17
100
AcDbEntity
  8
APPROX_CLIP
100
AcDbFace
 10
0.0
 20
0.2587653864717992
 30
0.32179037440510455
 11
0.028801477362331174
 21
0.2429086533820502
 31
0.4090024063987239
 12
0.04660176929846252
 22
0.2472913466179498
 32
0.3848975936012761
 13
0.04660176929846252
 23
0.2472913466179498
 33
0.3848975936012761
  0
3DFACE
  5
100
330
17
100
AcDbEntity
  8
APPROX_CLIP
100
AcDbFace
 10
0.0
 20
0.3687653864717992
 30
0.34179037440510457
 11
0.04660176929846252
 21
0.35729134661794976
 31
0.40489759360127614
 12
0.028801477362331174
 22
0.3529086533820502
 32
0.4290024063987239
 13
0.028801477362331174
 23
0.3529086533820502
 33
0.4290024063987239
  0
3DFACE
  5
101
330
17
100
AcDbEntity
  8
APPROX_CLIP
100
AcDbFace
 10
0.0
 20
0.2587653864717992
 30
0.32179037440510455
 11
0.04660176929846252
 21
0.2472913466179498
 31
0.3848975936012761
 12
0.04660176929846253
 22
0.25270865338205023
 32
0.35510240639872387
 13
0.04660176929846253
 23
0.25270865338205023
 33
0.35510240639872387
  0
3DFACE
  5
102
330
17
100
AcDbEntity
  8
APPROX_CLIP
100
AcDbFace
 10
0.0
 20
0.3687653864717992
 30
0.34179037440510457
 11
0.04660176929846253
 21
0.3627086533820502
 31
0.3751024063987239
 12
0.04660176929846252
 22
0.35729134661794976
 32
0.40489759360127614
 13
0.04660176929846252
 23
0.35729134661794976
 33
0.40489759360127614
  0
3DFACE
  5
103
330
17
100
AcDbEntity
  8
APPROX_CLIP
100
AcDbFace
 10
0.0
 20
0.2587653864717992
 30
0.32179037440510455
 11
0.04660176929846253
 21
0.25270865338205023
 31
0.35510240639872387
 12
0.028801477362331192
 22
0.2570913466179498
 32
0.3309975936012761
 13
0.028801477362331192
 23
0.2570913466179498
 33
0.3309975936012761
  0
3DFACE
  5
104
330
17
100
AcDbEntity
  8
APPROX_CLIP
100
AcDbFace
 10
0.0
 20
0.3687653864717992
 30
0.34179037440510457
 11
0.028801477362331192
 21
0.3670913466179498
 31
0.35099759360127614
 12
0.04660176929846253
 22
0.3627086533820502
 32
0.3751024063987239
 13
0.04660176929846253
 23
0.3627086533820502
 33
0.3751024063987239
  0
3DFACE
  5
105
330
17
100
AcDbEntity
  8
APPROX_CLIP
100
AcDbFace
 10
0.0
 20
0.33638598126116437
 30
0.3470654204748443
 11
-0.028801477362331185
 21
0.3408958575347935
 31
0.3552651955178064
 12
-0.028801477362331185
 22
0.5408958575347935
 32
0.2452651955178064
 13
0.0
 23
0.5363859812611644
 33
0.2370654204748443
  0
3DFACE
  5
106
330
17
100
AcDbEntity
  8
APPROX_CLIP
100
AcDbFace
 10
-0.028801477362331185
 20
0.3408958575347935
 30
0.3552651955178064
 11
-0.04660176929846253
 21
0.3527028669042113
 31
0.3767324852803842
 12
-0.04660176929846253
 22
0.5527028669042113
 32
0.26673248528038423
 13
-0.028801477362331185
 23
0.5408958575347935
 33
0.2452651955178064
  0
3DFACE
  5
107
330
17
100
AcDbEntity
  8
APPROX_CLIP
100
AcDbFace
 10
-0.04660176929846253
 20
0.3527028669042113
 30
0.3767324852803842
 11
-0.046601769298462534
 21
0.36729713309578865
 31
0.4032675147196158
 12
-0.046601769298462534
 22
0.5672971330957888
 32
0.2932675147196158
 13
-0.04660176929846253
 23
0.5527028669042113
 33
0.26673248528038423
  0
3DFACE
  5
108
330
17
100
AcDbEntity
  8
APPROX_CLIP
100
AcDbFace
 10
-0.046601769298462534
 20
0.36729713309578865
 30
0.4032675147196158
 11
-0.028801477362331192
 21
0.37910414246520646
 31
0.42473480448219364
 12
-0.028801477362331192
 22
0.5791041424652066
 32
0.31473480448219365
 13
-0.046601769298462534
 23
0.5672971330957888
 33
0.2932675147196158
  0
3DFACE
  5
109
330
17
100
AcDbEntity
  8
APPROX_CLIP
100
AcDbFace
 10
-0.028801477362331192
 20
0.37910414246520646
 30
0.42473480448219364
 11
-6.000769315822031e-18
 21
0.3836140187388356
 31
0.43293457952515574
 12
-6.000769315822031e-18
 22
0.5836140187388357
 32
0.32293457952515575
 13
-0.028801477362331192
 23
0.5791041424652066
 33
0.31473480448219365
  0
3DFACE
  5
10A
330
17
100
AcDbEntity
  8
APPROX_CLIP
100
AcDbFace
 10
-6.000769315822031e-18
 20
0.3836140187388356
 30
0.43293457952515574
 11
0.028801477362331178
 21
0.37910414246520646
 31
0.42473480448219364
 12
0.028801477362331178
 22
0.5791041424652066
 32
0.31473480448219365
 13
-6.000769315822031e-18
 23
0.5836140187388357
 33
0.32293457952515575
  0
3DFACE
  5
10B
330
17
100
AcDbEntity
  8
APPROX_CLIP
100
AcDbFace
 10
0.028801477362331178
 20
0.37910414246520646
 30
0.42473480448219364
 11
0.04660176929846253
 21
0.36729713309578865
 31
0.4032675147196158
 12
0.04660176929846253
 22
0.5672971330957888
 32
0.2932675147196158
 13
0.028801477362331178
 23
0.5791041424652066
 33
0.31473480448219365
  0
3DFACE
  5
10C
330
17
100
AcDbEntity
  8
APPROX_CLIP
100
AcDbFace
 10
0.04660176929846253
 20
0.36729713309578865
 30
0.4032675147196158
 11
0.046601769298462534
 21
0.3527028669042113
 31
0.3767324852803842
 12
0.046601769298462534
 22
0.5527028669042113
 32
0.26673248528038423
 13
0.04660176929846253
 23
0.5672971330957888
 33
0.2932675147196158
  0
3DFACE
  5
10D
330
17
100
AcDbEntity
  8
APPROX_CLIP
100
AcDbFace
 10
0.046601769298462534
 20
0.3527028669042113
 30
0.3767324852803842
 11
0.028801477362331195
 21
0.3408958575347935
 31
0.3552651955178064
 12
0.028801477362331195
 22
0.5408958575347935
 32
0.2452651955178064
 13
0.046601769298462534
 23
0.5527028669042113
 33
0.26673248528038423
  0
3DFACE
  5
10E
330
17
100
AcDbEntity
  8
APPROX_CLIP
100
AcDbFace
 10
0.028801477362331195
 20
0.3408958575347935
 30
0.3552651955178064
 11
0.0
 21
0.33638598126116437
 31
0.3470654204748443
 12
0.0
 22
0.5363859812611644
 32
0.2370654204748443
 13
0.028801477362331195
 23
0.5408958575347935
 33
0.2452651955178064
  0
3DFACE
  5
10F
330
17
100
AcDbEntity
  8
APPROX_CLIP
100
AcDbFace
 10
0.0
 20
0.33638598126116437
 30
0.3470654204748443
 11
-0.028801477362331185
 21
0.3408958575347935
 31
0.3552651955178064
 12
-0.04660176929846253
 22
0.3527028669042113
 32
0.3767324852803842
 13
-0.04660176929846253
 23
0.3527028669042113
 33
0.3767324852803842
  0
3DFACE
  5
110
330
17
100
AcDbEntity
  8
APPROX_CLIP
100
AcDbFace
 10
0.0
 20
0.5363859812611644
 30
0.2370654204748443
 11
-0.04660176929846253
 21
0.5527028669042113
 31
0.26673248528038423
 12
-0.028801477362331185
 22
0.5408958575347935
 32
0.2452651955178064
 13
-0.028801477362331185
 23
0.5408958575347935
 33
0.2452651955178064
  0
3DFACE
  5
111
330
17
100
AcDbEntity
  8
APPROX_CLIP
100
AcDbFace
 10
0.0
 20
0.33638598126116437
 30
0.3470654204748443
 11
-0.04660176929846253
 21
0.3527028669042113
 31
0.3767324852803842
 12
-0.046601769298462534
 22
0.36729713309578865
 32
0.4032675147196158
 13
-0.046601769298462534
 23
0.36729713309578865
 33
0.4032675147196158
  0
3DFACE
  5
112
330
17
100
AcDbEntity
  8
APPROX_CLIP
100
AcDbFace
 10
0.0
 20
0.5363859812611644
 30
0.2370654204748443
 11
-0.046601769298462534
 21
0.5672971330957888
 31
0.2932675147196158
 12
-0.04660176929846253
 22
0.5527028669042113
 32
0.26673248528038423
 13
-0.04660176929846253
 23
0.5527028669042113
 33
0.26673248528038423
  0
3DFACE
  5
113
330
17
100
AcDbEntity
  8
APPROX_CLIP
100
AcDbFace
 10
0.0
 20
0.33638598126116437
 30
0.3470654204748443
 11
-0.046601769298462534
 21
0.36729713309578865
 31
0.4032675147196158
 12
-0.028801477362331192
 22
0.37910414246520646
 32
0.42473480448219364
 13
-0.028801477362331192
 23
0.37910414246520646
 33
0.42473480448219364
  0
3DFACE
  5
114
330
17
100
AcDbEntity
  8
APPROX_CLIP
100
AcDbFace
 10
0.0
 20
0.5363859812611644
 30
0.2370654204748443
 11
-0.028801477362331192
 21
0.5791041424652066
 31
0.31473480448219365
 12
-0.046601769298462534
 22
0.5672971330957888
 32
0.2932675147196158
 13
-0.046601769298462534
 23
0.5672971330957888
 33
0.2932675147196158
  0
3DFACE
  5
115
330
17
100
AcDbEntity
  8
APPROX_CLIP
100
AcDbFace
 10
0.0
 20
0.33638598126116437
 30
0.3470654204748443
 11
-0.028801477362331192
 21
0.37910414246520646
 31
0.42473480448219364
 12
-6.000769315822031e-18
 22
0.3836140187388356
 32
0.43293457952515574
 13
-6.000769315822031e-18
 23
0.3836140187388356
 33
0.43293457952515574
  0
3DFACE
  5
116
330
17
100
AcDbEntity
  8
APPROX_CLIP
100
AcDbFace
 10
0.0
 20
0.5363859812611644
 30
0.2370654204748443
 11
-6.000769315822031e-18
 21
0.5836140187388357
 31
0.32293457952515575
 12
-0.028801477362331192
 22
0.5791041424652066
 32
0.31473480448219365
 13
-0.028801477362331192
 23
0.5791041424652066
 33
0.31473480448219365
  0
3DFACE
  5
117
330
17
100
AcDbEntity
  8
APPROX_CLIP
100
AcDbFace
 10
0.0
 20
0.33638598126116437
 30
0.3470654204748443
 11
-6.000769315822031e-18
 21
0.3836140187388356
 31
0.43293457952515574
 12
0.028801477362331178
 22
0.37910414246520646
 32
0.42473480448219364
 13
0.028801477362331178
 23
0.37910414246520646
 33
0.42473480448219364
  0
3DFACE
  5
118
330
17
100
AcDbEntity
  8
APPROX_CLIP
100
AcDbFace
 10
0.0
 20
0.5363859812611644
 30
0.2370654204748443
 11
0.028801477362331178
 21
0.5791041424652066
 31
0.31473480448219365
 12
-6.000769315822031e-18
 22
0.5836140187388357
 32
0.32293457952515575
 13
-6.000769315822031e-18
 23
0.5836140187388357
 33
0.32293457952515575
  0
3DFACE
  5
119
330
17
100
AcDbEntity
  8
APPROX_CLIP
100
AcDbFace
 10
0.0
 20
0.33638598126116437
 30
0.3470654204748443
 11
0.028801477362331178
 21
0.37910414246520646
 31
0.42473480448219364
 12
0.04660176929846253
 22
0.36729713309578865
 32
0.4032675147196158
 13
0.04660176929846253
 23
0.36729713309578865
 33
0.4032675147196158
  0
3DFACE
  5
11A
330
17
100
AcDbEntity
  8
APPROX_CLIP
100
AcDbFace
 10
0.0
 20
0.5363859812611644
 30
0.2370654204748443
 11
0.04660176929846253
 21
0.5672971330957888
 31
0.2932675147196158
 12
0.028801477362331178
 22
0.5791041424652066
 32
0.31473480448219365
 13
0.028801477362331178
 23
0.5791041424652066
 33
0.31473480448219365
  0
3DFACE
  5
11B
330
17
100
AcDbEntity
  8
APPROX_CLIP
100
AcDbFace
 10
0.0
 20
0.33638598126116437
 30
0.3470654204748443
 11
0.04660176929846253
 21
0.36729713309578865
 31
0.4032675147196158
 12
0.046601769298462534
 22
0.3527028669042113
 32
0.3767324852803842
 13
0.046601769298462534
 23
0.3527028669042113
 33
0.3767324852803842
  0
3DFACE
  5
11C
330
17
100
AcDbEntity
  8
APPROX_CLIP
100
AcDbFace
 10
0.0
 20
0.5363859812611644
 30
0.2370654204748443
 11
0.046601769298462534
 21
0.5527028669042113
 31
0.26673248528038423
 12
0.04660176929846253
 22
0.5672971330957888
 32
0.2932675147196158
 13
0.04660176929846253
 23
0.5672971330957888
 33
0.2932675147196158
  0
3DFACE
  5
11D
330
17
100
AcDbEntity
  8
APPROX_CLIP
100
AcDbFace
 10
0.0
 20
0.33638598126116437
 30
0.3470654204748443
 11
0.046601769298462534
 21
0.3527028669042113
 31
0.3767324852803842
 12
0.028801477362331195
 22
0.3408958575347935
 32
0.3552651955178064
 13
0.028801477362331195
 23
0.3408958575347935
 33
0.3552651955178064
  0
3DFACE
  5
11E
330
17
100
AcDbEntity
  8
APPROX_CLIP
100
AcDbFace
 10
0.0
 20
0.5363859812611644
 30
0.2370654204748443
 11
0.028801477362331195
 21
0.5408958575347935
 31
0.2452651955178064
 12
0.046601769298462534
 22
0.5527028669042113
 32
0.26673248528038423
 13
0.046601769298462534
 23
0.5527028669042113
 33
0.26673248528038423
  0
3DFACE
  5
11F
330
17
100
AcDbEntity
  8
APPROX_CLIP
100
AcDbFace
 10
0.0
 20
0.5197756451125112
 30
0.25201784007826866
 11
-0.028801477362331185
 21
0.5274578133082526
 31
0.2573619570840018
 12
-0.028801477362331185
 22
0.6874578133082525
 32
0.027361957084001767
 13
0.0
 23
0.6797756451125111
 33
0.022017840078268625
  0
3DFACE
  5
120
330
17
100
AcDbEntity
  8
APPROX_CLIP
100
AcDbFace
 10
-0.028801477362331185
 20
0.5274578133082526
 30
0.2573619570840018
 11
-0.04660176929846253
 21
0.547569990751997
 31
0.27135303704486746
 12
-0.04660176929846253
 22
0.7075699907519969
 32
0.04135303704486746
 13
-0.028801477362331185
 23
0.6874578133082525
 33
0.027361957084001767
  0
3DFACE
  5
121
330
17
100
AcDbEntity
  8
APPROX_CLIP
100
AcDbFace
 10
-0.04660176929846253
 20
0.547569990751997
 30
0.27135303704486746
 11
-0.046601769298462534
 21
0.5724300092480031
 31
0.2886469629551326
 12
-0.046601769298462534
 22
0.732430009248003
 32
0.058646962955132546
 13
-0.04660176929846253
 23
0.7075699907519969
 33
0.04135303704486746
  0
3DFACE
  5
122
330
17
100
AcDbEntity
  8
APPROX_CLIP
100
AcDbFace
 10
-0.046601769298462534
 20
0.5724300092480031
 30
0.2886469629551326
 11
-0.028801477362331192
 21
0.5925421866917475
 31
0.3026380429159983
 12
-0.028801477362331192
 22
0.7525421866917474
 32
0.07263804291599824
 13
-0.046601769298462534
 23
0.732430009248003
 33
0.058646962955132546
  0
3DFACE
  5
123
330
17
100
AcDbEntity
  8
APPROX_CLIP
100
AcDbFace
 10
-0.028801477362331192
 20
0.5925421866917475
 30
0.3026380429159983
 11
-6.000769315822031e-18
 21
0.6002243548874889
 31
0.3079821599217314
 12
-6.000769315822031e-18
 22
0.7602243548874889
 32
0.07798215992173138
 13
-0.028801477362331192
 23
0.7525421866917474
 33
0.07263804291599824
  0
3DFACE
  5
124
330
17
100
AcDbEntity
  8
APPROX_CLIP
100
AcDbFace
 10
-6.000769315822031e-18
 20
0.6002243548874889
 30
0.3079821599217314
 11
0.028801477362331178
 21
0.5925421866917475
 31
0.3026380429159983
 12
0.028801477362331178
 22
0.7525421866917474
 32
0.07263804291599824
 13
-6.000769315822031e-18
 23
0.7602243548874889
 33
0.07798215992173138
  0
3DFACE
  5
125
330
17
100
AcDbEntity
  8
APPROX_CLIP
100
AcDbFace
 10
0.028801477362331178
 20
0.5925421866917475
 30
0.3026380429159983
 11
0.04660176929846253
 21
0.5724300092480031
 31
0.2886469629551326
 12
0.04660176929846253
 22
0.732430009248003
 32
0.05864696295513255
 13
0.028801477362331178
 23
0.7525421866917474
 33
0.07263804291599824
  0
3DFACE
  5
126
330
17
100
AcDbEntity
  8
APPROX_CLIP
100
AcDbFace
 10
0.04660176929846253
 20
0.5724300092480031
 30
0.2886469629551326
 11
0.046601769298462534
 21
0.547569990751997
 31
0.27135303704486746
 12
0.046601769298462534
 22
0.7075699907519969
 32
0.041353037044867466
 13
0.04660176929846253
 23
0.732430009248003
 33
0.05864696295513255
  0
3DFACE
  5
127
330
17
100
AcDbEntity
  8
APPROX_CLIP
100
AcDbFace
 10
0.046601769298462534
 20
0.547569990751997
 30
0.27135303704486746
 11
0.028801477362331195
 21
0.5274578133082526
 31
0.2573619570840018
 12
0.028801477362331195
 22
0.6874578133082525
 32
0.02736195708400177
 13
0.046601769298462534
 23
0.7075699907519969
 33
0.041353037044867466
  0
3DFACE
  5
128
330
17
100
AcDbEntity
  8
APPROX_CLIP
100
AcDbFace
 10
0.028801477362331195
 20
0.5274578133082526
 30
0.2573619570840018
 11
0.0
 21
0.5197756451125112
 31
0.25201784007826866
 12
0.0
 22
0.6797756451125111
 32
0.022017840078268625
 13
0.028801477362331195
 23
0.6874578133082525
 33
0.02736195708400177
  0
3DFACE
  5
129
330
17
100
AcDbEntity
  8
APPROX_CLIP
100
AcDbFace
 10
0.0
 20
0.5197756451125112
 30
0.25201784007826866
 11
-0.028801477362331185
 21
0.5274578133082526
 31
0.2573619570840018
 12
-0.04660176929846253
 22
0.547569990751997
 32
0.27135303704486746
 13
-0.04660176929846253
 23
0.547569990751997
 33
0.27135303704486746
  0
3DFACE
  5
12A
330
17
100
AcDbEntity
  8
APPROX_CLIP
100
AcDbFace
 10
0.0
 20
0.6797756451125111
 30
0.022017840078268625
 11
-0.04660176929846253
 21
0.7075699907519969
 31
0.04135303704486746
 12
-0.028801477362331185
 22
0.6874578133082525
 32
0.027361957084001767
 13
-0.028801477362331185
 23
0.6874578133082525
 33
0.027361957084001767
  0
3DFACE
  5
12B
330
17
100
AcDbEntity
  8
APPROX_CLIP
100
AcDbFace
 10
0.0
 20
0.5197756451125112
 30
0.25201784007826866
 11
-0.04660176929846253
 21
0.547569990751997
 31
0.27135303704486746
 12
-0.046601769298462534
 22
0.5724300092480031
 32
0.2886469629551326
 13
-0.046601769298462534
 23
0.5724300092480031
 33
0.2886469629551326
  0
3DFACE
  5
12C
330
17
100
AcDbEntity
  8
APPROX_CLIP
100
AcDbFace
 10
0.0
 20
0.6797756451125111
 30
0.022017840078268625
 11
-0.046601769298462534
 21
0.732430009248003
 31
0.058646962955132546
 12
-0.04660176929846253
 22
0.7075699907519969
 32
0.04135303704486746
 13
-0.04660176929846253
 23
0.7075699907519969
 33
0.04135303704486746
  0
3DFACE
  5
12D
330
17
100
AcDbEntity
  8
APPROX_CLIP
100
AcDbFace
 10
0.0
 20
0.5197756451125112
 30
0.25201784007826866
 11
-0.046601769298462534
 21
0.5724300092480031
 31
0.2886469629551326
 12
-0.028801477362331192
 22
0.5925421866917475
 32
0.3026380429159983
 13
-0.028801477362331192
 23
0.5925421866917475
 33
0.3026380429159983
  0
3DFACE
  5
12E
330
17
100
AcDbEntity
  8
APPROX_CLIP
100
AcDbFace
 10
0.0
 20
0.6797756451125111
 30
0.022017840078268625
 11
-0.028801477362331192
 21
0.7525421866917474
 31
0.07263804291599824
 12
-0.046601769298462534
 22
0.732430009248003
 32
0.058646962955132546
 13
-0.046601769298462534
 23
0.732430009248003
 33
0.058646962955132546
  0
3DFACE
  5
12F
330
17
100
AcDbEntity
  8
APPROX_CLIP
100
AcDbFace
 10
0.0
 20
0.5197756451125112
 30
0.25201784007826866
 11
-0.028801477362331192
 21
0.5925421866917475
 31
0.3026380429159983
 12
-6.000769315822031e-18
 22
0.6002243548874889
 32
0.3079821599217314
 13
-6.000769315822031e-18
 23
0.6002243548874889
 33
0.3079821599217314
  0
3DFACE
  5
130
330
17
100
AcDbEntity
  8
APPROX_CLIP
100
AcDbFace
 10
0.0
 20
0.6797756451125111
 30
0.022017840078268625
 11
-6.000769315822031e-18
 21
0.7602243548874889
 31
0.07798215992173138
 12
-0.028801477362331192
 22
0.7525421866917474
 32
0.07263804291599824
 13
-0.028801477362331192
 23
0.7525421866917474
 33
0.07263804291599824
  0
3DFACE
  5
131
330
17
100
AcDbEntity
  8
APPROX_CLIP
100
AcDbFace
 10
0.0
 20
0.5197756451125112
 30
0.25201784007826866
 11
-6.000769315822031e-18
 21
0.6002243548874889
 31
0.3079821599217314
 12
0.028801477362331178
 22
0.5925421866917475
 32
0.3026380429159983
 13
0.028801477362331178
 23
0.5925421866917475
 33
0.3026380429159983
  0
3DFACE
  5
132
330
17
100
AcDbEntity
  8
APPROX_CLIP
100
AcDbFace
 10
0.0
 20
0.6797756451125111
 30
0.022017840078268625
 11
0.028801477362331178
 21
0.7525421866917474
 31
0.07263804291599824
 12
-6.000769315822031e-18
 22
0.7602243548874889
 32
0.07798215992173138
 13
-6.000769315822031e-18
 23
0.7602243548874889
 33
0.07798215992173138
  0
3DFACE
  5
133
330
17
100
AcDbEntity
  8
APPROX_CLIP
100
AcDbFace
 10
0.0
 20
0.5197756451125112
 30
0.25201784007826866
 11
0.028801477362331178
 21
0.5925421866917475
 31
0.3026380429159983
 12
0.04660176929846253
 22
0.5724300092480031
 32
0.2886469629551326
 13
0.04660176929846253
 23
0.5724300092480031
 33
0.2886469629551326
  0
3DFACE
  5
134
330
17
100
AcDbEntity
  8
APPROX_CLIP
100
AcDbFace
 10
0.0
 20
0.6797756451125111
 30
0.022017840078268625
 11
0.04660176929846253
 21
0.732430009248003
 31
0.05864696295513255
 12
0.028801477362331178
 22
0.7525421866917474
 32
0.07263804291599824
 13
0.028801477362331178
 23
0.7525421866917474
 33
0.07263804291599824
  0
3DFACE
  5
135
330
17
100
AcDbEntity
  8
APPROX_CLIP
100
AcDbFace
 10
0.0
 20
0.5197756451125112
 30
0.25201784007826866
 11
0.04660176929846253
 21
0.5724300092480031
 31
0.2886469629551326
 12
0.046601769298462534
 22
0.547569990751997
 32
0.27135303704486746
 13
0.046601769298462534
 23
0.547569990751997
 33
0.27135303704486746
  0
3DFACE
  5
136
330
17
100
AcDbEntity
  8
APPROX_CLIP
100
AcDbFace
 10
0.0
 20
0.6797756451125111
 30
0.022017840078268625
 11
0.046601769298462534
 21
0.7075699907519969
 31
0.041353037044867466
 12
0.04660176929846253
 22
0.732430009248003
 32
0.05864696295513255
 13
0.04660176929846253
 23
0.732430009248003
 33
0.05864696295513255
  0
3DFACE
  5
137
330
17
100
AcDbEntity
  8
APPROX_CLIP
100
AcDbFace
 10
0.0
 20
0.5197756451125112
 30
0.25201784007826866
 11
0.046601769298462534
 21
0.547569990751997
 31
0.27135303704486746
 12
0.028801477362331195
 22
0.5274578133082526
 32
0.2573619570840018
 13
0.028801477362331195
 23
0.5274578133082526
 33
0.2573619570840018
  0
3DFACE
  5
138
330
17
100
AcDbEntity
  8
APPROX_CLIP
100
AcDbFace
 10
0.0
 20
0.6797756451125111
 30
0.022017840078268625
 11
0.028801477362331195
 21
0.6874578133082525
 31
0.02736195708400177
 12
0.046601769298462534
 22
0.7075699907519969
 32
0.041353037044867466
 13
0.046601769298462534
 23
0.7075699907519969
 33
0.041353037044867466
  0
3DFACE
  5
139
330
17
100
AcDbEntity
  8
APPROX_CLIP
100
AcDbFace
 10
0.0
 20
0.6792295355774456
 30
0.022819690384963773
 11
-0.028801477362331185
 21
0.6870160014135943
 31
0.028010667609062907
 12
-0.028801477362331185
 22
0.8270160014135943
 32
-0.1819893323909371
 13
0.0
 23
0.8192295355774456
 33
-0.18718030961503623
  0
3DFACE
  5
13A
330
17
100
AcDbEntity
  8
APPROX_CLIP
100
AcDbFace
 10
-0.028801477362331185
 20
0.6870160014135943
 30
0.028010667609062907
 11
-0.04660176929846253
 21
0.7074012336248715
 31
0.04160082241658102
 12
-0.04660176929846253
 22
0.8474012336248715
 32
-0.168399177583419
 13
-0.028801477362331185
 23
0.8270160014135943
 33
-0.1819893323909371
  0
3DFACE
  5
13B
330
17
100
AcDbEntity
  8
APPROX_CLIP
100
AcDbFace
 10
-0.04660176929846253
 20
0.7074012336248715
 30
0.04160082241658102
 11
-0.046601769298462534
 21
0.7325987663751284
 31
0.058399177583418976
 12
-0.046601769298462534
 22
0.8725987663751285
 32
-0.15160082241658102
 13
-0.04660176929846253
 23
0.8474012336248715
 33
-0.168399177583419
  0
3DFACE
  5
13C
330
17
100
AcDbEntity
  8
APPROX_CLIP
100
AcDbFace
 10
-0.046601769298462534
 20
0.7325987663751284
 30
0.058399177583418976
 11
-0.028801477362331192
 21
0.7529839985864056
 31
0.07198933239093709
 12
-0.028801477362331192
 22
0.8929839985864056
 32
-0.13801066760906291
 13
-0.046601769298462534
 23
0.8725987663751285
 33
-0.15160082241658102
  0
3DFACE
  5
13D
330
17
100
AcDbEntity
  8
APPROX_CLIP
100
AcDbFace
 10
-0.028801477362331192
 20
0.7529839985864056
 30
0.07198933239093709
 11
-6.000769315822031e-18
 21
0.7607704644225544
 31
0.07718030961503623
 12
-6.000769315822031e-18
 22
0.9007704644225544
 32
-0.13281969038496377
 13
-0.028801477362331192
 23
0.8929839985864056
 33
-0.13801066760906291
  0
3DFACE
  5
13E
330
17
100
AcDbEntity
  8
APPROX_CLIP
100
AcDbFace
 10
-6.000769315822031e-18
 20
0.7607704644225544
 30
0.07718030961503623
 11
0.028801477362331178
 21
0.7529839985864056
 31
0.0719893323909371
 12
0.028801477362331178
 22
0.8929839985864056
 32
-0.13801066760906291
 13
-6.000769315822031e-18
 23
0.9007704644225544
 33
-0.13281969038496377
  0
3DFACE
  5
13F
330
17
100
AcDbEntity
  8
APPROX_CLIP
100
AcDbFace
 10
0.028801477362331178
 20
0.7529839985864056
 30
0.0719893323909371
 11
0.04660176929846253
 21
0.7325987663751284
 31
0.05839917758341899
 12
0.04660176929846253
 22
0.8725987663751285
 32
-0.15160082241658102
 13
0.028801477362331178
 23
0.8929839985864056
 33
-0.13801066760906291
  0
3DFACE
  5
140
330
17
100
AcDbEntity
  8
APPROX_CLIP
100
AcDbFace
 10
0.04660176929846253
 20
0.7325987663751284
 30
0.05839917758341899
 11
0.046601769298462534
 21
0.7074012336248715
 31
0.04160082241658103
 12
0.046601769298462534
 22
0.8474012336248715
 32
-0.168399177583419
 13
0.04660176929846253
 23
0.8725987663751285
 33
-0.15160082241658102
  0
3DFACE
  5
141
330
17
100
AcDbEntity
  8
APPROX_CLIP
100
AcDbFace
 10
0.046601769298462534
 20
0.7074012336248715
 30
0.04160082241658103
 11
0.028801477362331195
 21
0.6870160014135943
 31
0.02801066760906291
 12
0.028801477362331195
 22
0.8270160014135943
 32
-0.1819893323909371
 13
0.046601769298462534
 23
0.8474012336248715
 33
-0.168399177583419
  0
3DFACE
  5
142
330
17
100
AcDbEntity
  8
APPROX_CLIP
100
AcDbFace
 10
0.028801477362331195
 20
0.6870160014135943
 30
0.02801066760906291
 11
0.0
 21
0.6792295355774456
 31
0.022819690384963773
 12
0.0
 22
0.8192295355774456
 32
-0.18718030961503623
 13
0.028801477362331195
 23
0.8270160014135943
 33
-0.1819893323909371
  0
3DFACE
  5
143
330
17
100
AcDbEntity
  8
APPROX_CLIP
100
AcDbFace
 10
0.0
 20
0.6792295355774456
 30
0.022819690384963773
 11
-0.028801477362331185
 21
0.6870160014135943
 31
0.028010667609062907
 12
-0.04660176929846253
 22
0.7074012336248715
 32
0.04160082241658102
 13
-0.04660176929846253
 23
0.7074012336248715
 33
0.04160082241658102
  0
3DFACE
  5
144
330
17
100
AcDbEntity
  8
APPROX_CLIP
100
AcDbFace
 10
0.0
 20
0.8192295355774456
 30
-0.18718030961503623
 11
-0.04660176929846253
 21
0.8474012336248715
 31
-0.168399177583419
 12
-0.028801477362331185
 22
0.8270160014135943
 32
-0.1819893323909371
 13
-0.028801477362331185
 23
0.8270160014135943
 33
-0.1819893323909371
  0
3DFACE
  5
145
330
17
100
AcDbEntity
  8
APPROX_CLIP
100
AcDbFace
 10
0.0
 20
0.6792295355774456
 30
0.022819690384963773
 11
-0.04660176929846253
 21
0.7074012336248715
 31
0.04160082241658102
 12
-0.046601769298462534
 22
0.7325987663751284
 32
0.058399177583418976
 13
-0.046601769298462534
 23
0.7325987663751284
 33
0.058399177583418976
  0
3DFACE
  5
146
330
17
100
AcDbEntity
  8
APPROX_CLIP
100
AcDbFace
 10
0.0
 20
0.8192295355774456
 30
-0.18718030961503623
 11
-0.046601769298462534
 21
0.8725987663751285
 31
-0.15160082241658102
 12
-0.04660176929846253
 22
0.8474012336248715
 32
-0.168399177583419
 13
-0.04660176929846253
 23
0.8474012336248715
 33
-0.168399177583419
  0
3DFACE
  5
147
330
17
100
AcDbEntity
  8
APPROX_CLIP
100
AcDbFace
 10
0.0
 20
0.6792295355774456
 30
0.022819690384963773
 11
-0.046601769298462534
 21
0.7325987663751284
 31
0.058399177583418976
 12
-0.028801477362331192
 22
0.7529839985864056
 32
0.07198933239093709
 13
-0.028801477362331192
 23
0.7529839985864056
 33
0.07198933239093709
  0
3DFACE
  5
148
330
17
100
AcDbEntity
  8
APPROX_CLIP
100
AcDbFace
 10
0.0
 20
0.8192295355774456
 30
-0.18718030961503623
 11
-0.028801477362331192
 21
0.8929839985864056
 31
-0.13801066760906291
 12
-0.046601769298462534
 22
0.8725987663751285
 32
-0.15160082241658102
 13
-0.046601769298462534
 23
0.8725987663751285
 33
-0.15160082241658102
  0
3DFACE
  5
149
330
17
100
AcDbEntity
  8
APPROX_CLIP
100
AcDbFace
 10
0.0
 20
0.6792295355774456
 30
0.022819690384963773
 11
-0.028801477362331192
 21
0.7529839985864056
 31
0.07198933239093709
 12
-6.000769315822031e-18
 22
0.7607704644225544
 32
0.07718030961503623
 13
-6.000769315822031e-18
 23
0.7607704644225544
 33
0.07718030961503623
  0
3DFACE
  5
14A
330
17
100
AcDbEntity
  8
APPROX_CLIP
100
AcDbFace
 10
0.0
 20
0.8192295355774456
 30
-0.18718030961503623
 11
-6.000769315822031e-18
 21
0.9007704644225544
 31
-0.13281969038496377
 12
-0.028801477362331192
 22
0.8929839985864056
 32
-0.13801066760906291
 13
-0.028801477362331192
 23
0.8929839985864056
 33
-0.13801066760906291
  0
3DFACE
  5
14B
330
17
100
AcDbEntity
  8
APPROX_CLIP
100
AcDbFace
 10
0.0
 20
0.6792295355774456
 30
0.022819690384963773
 11
-6.000769315822031e-18
 21
0.7607704644225544
 31
0.07718030961503623
 12
0.028801477362331178
 22
0.7529839985864056
 32
0.0719893323909371
 13
0.028801477362331178
 23
0.7529839985864056
 33
0.0719893323909371
  0
3DFACE
  5
14C
330
17
100
AcDbEntity
  8
APPROX_CLIP
100
AcDbFace
 10
0.0
 20
0.8192295355774456
 30
-0.18718030961503623
 11
0.028801477362331178
 21
0.8929839985864056
 31
-0.13801066760906291
 12
-6.000769315822031e-18
 22
0.9007704644225544
 32
-0.13281969038496377
 13
-6.000769315822031e-18
 23
0.9007704644225544
 33
-0.13281969038496377
  0
3DFACE
  5
14D
330
17
100
AcDbEntity
  8
APPROX_CLIP
100
AcDbFace
 10
0.0
 20
0.6792295355774456
 30
0.022819690384963773
 11
0.028801477362331178
 21
0.7529839985864056
 31
0.0719893323909371
 12
0.04660176929846253
 22
0.7325987663751284
 32
0.05839917758341899
 13
0.04660176929846253
 23
0.7325987663751284
 33
0.05839917758341899
  0
3DFACE
  5
14E
330
17
100
AcDbEntity
  8
APPROX_CLIP
100
AcDbFace
 10
0.0
 20
0.8192295355774456
 30
-0.18718030961503623
 11
0.04660176929846253
 21
0.8725987663751285
 31
-0.15160082241658102
 12
0.028801477362331178
 22
0.8929839985864056
 32
-0.13801066760906291
 13
0.028801477362331178
 23
0.8929839985864056
 33
-0.13801066760906291
  0
3DFACE
  5
14F
330
17
100
AcDbEntity
  8
APPROX_CLIP
100
AcDbFace
 10
0.0
 20
0.6792295355774456
 30
0.022819690384963773
 11
0.04660176929846253
 21
0.7325987663751284
 31
0.05839917758341899
 12
0.046601769298462534
 22
0.7074012336248715
 32
0.04160082241658103
 13
0.046601769298462534
 23
0.7074012336248715
 33
0.04160082241658103
  0
3DFACE
  5
150
330
17
100
AcDbEntity
  8
APPROX_CLIP
100
AcDbFace
 10
0.0
 20
0.8192295355774456
 30
-0.18718030961503623
 11
0.046601769298462534
 21
0.8474012336248715
 31
-0.168399177583419
 12
0.04660176929846253
 22
0.8725987663751285
 32
-0.15160082241658102
 13
0.04660176929846253
 23
0.8725987663751285
 33
-0.15160082241658102
  0
3DFACE
  5
151
330
17
100
AcDbEntity
  8
APPROX_CLIP
100
AcDbFace
 10
0.0
 20
0.6792295355774456
 30
0.022819690384963773
 11
0.046601769298462534
 21
0.7074012336248715
 31
0.04160082241658103
 12
0.028801477362331195
 22
0.6870160014135943
 32
0.02801066760906291
 13
0.028801477362331195
 23
0.6870160014135943
 33
0.02801066760906291
  0
3DFACE
  5
152
330
17
100
AcDbEntity
  8
APPROX_CLIP
100
AcDbFace
 10
0.0
 20
0.8192295355774456
 30
-0.18718030961503623
 11
0.028801477362331195
 21
0.8270160014135943
 31
-0.1819893323909371
 12
0.046601769298462534
 22
0.8474012336248715
 32
-0.168399177583419
 13
0.046601769298462534
 23
0.8474012336248715
 33
-0.168399177583419
  0
3DFACE
  5
153
330
17
100
AcDbEntity
  8
APPROX_CLIP
100
AcDbFace
 10
0.0
 20
0.8111443302104225
 30
-0.16375812844535212
 11
-0.028801477362331178
 21
0.8204749328686611
 31
-0.16304038977933377
 12
-0.028801477362331178
 22
0.8304749328686611
 32
-0.2930403897793337
 13
0.0
 23
0.8211443302104225
 33
-0.2937581284453521
  0
3DFACE
  5
154
330
17
100
AcDbEntity
  8
APPROX_CLIP
100
AcDbFace
 10
-0.028801477362331178
 20
0.8204749328686611
 30
-0.16304038977933377
 11
-0.04660176929846252
 21
0.8449027677634499
 31
-0.16116132555665771
 12
-0.04660176929846252
 22
0.8549027677634499
 32
-0.2911613255566577
 13
-0.028801477362331178
 23
0.8304749328686611
 33
-0.2930403897793337
  0
3DFACE
  5
155
330
17
100
AcDbEntity
  8
APPROX_CLIP
100
AcDbFace
 10
-0.04660176929846252
 20
0.8449027677634499
 30
-0.16116132555665771
 11
-0.04660176929846253
 21
0.8750972322365501
 31
-0.1588386744433423
 12
-0.04660176929846253
 22
0.8850972322365501
 32
-0.28883867444334227
 13
-0.04660176929846252
 23
0.8549027677634499
 33
-0.2911613255566577
  0
3DFACE
  5
156
330
17
100
AcDbEntity
  8
APPROX_CLIP
100
AcDbFace
 10
-0.04660176929846253
 20
0.8750972322365501
 30
-0.1588386744433423
 11
-0.028801477362331185
 21
0.8995250671313388
 31
-0.15695961022066623
 12
-0.028801477362331185
 22
0.9095250671313388
 32
-0.28695961022066624
 13
-0.04660176929846253
 23
0.8850972322365501
 33
-0.28883867444334227
  0
3DFACE
  5
157
330
17
100
AcDbEntity
  8
APPROX_CLIP
100
AcDbFace
 10
-0.028801477362331185
 20
0.8995250671313388
 30
-0.15695961022066623
 11
-6.00076931582203e-18
 21
0.9088556697895774
 31
-0.1562418715546479
 12
-6.00076931582203e-18
 22
0.9188556697895774
 32
-0.28624187155464786
 13
-0.028801477362331185
 23
0.9095250671313388
 33
-0.28695961022066624
  0
3DFACE
  5
158
330
17
100
AcDbEntity
  8
APPROX_CLIP
100
AcDbFace
 10
-6.00076931582203e-18
 20
0.9088556697895774
 30
-0.1562418715546479
 11
0.028801477362331174
 21
0.899525067131339
 31
-0.15695961022066623
 12
0.028801477362331174
 22
0.909525067131339
 32
-0.28695961022066624
 13
-6.00076931582203e-18
 23
0.9188556697895774
 33
-0.28624187155464786
  0
3DFACE
  5
159
330
17
100
AcDbEntity
  8
APPROX_CLIP
100
AcDbFace
 10
0.028801477362331174
 20
0.899525067131339
 30
-0.15695961022066623
 11
0.04660176929846252
 21
0.8750972322365501
 31
-0.1588386744433423
 12
0.04660176929846252
 22
0.8850972322365501
 32
-0.28883867444334227
 13
0.028801477362331174
 23
0.909525067131339
 33
-0.28695961022066624
  0
3DFACE
  5
15A
330
17
100
AcDbEntity
  8
APPROX_CLIP
100
AcDbFace
 10
0.04660176929846252
 20
0.8750972322365501
 30
-0.1588386744433423
 11
0.04660176929846253
 21
0.8449027677634499
 31
-0.16116132555665771
 12
0.04660176929846253
 22
0.8549027677634499
 32
-0.2911613255566577
 13
0.04660176929846252
 23
0.8850972322365501
 33
-0.28883867444334227
  0
3DFACE
  5
15B
330
17
100
AcDbEntity
  8
APPROX_CLIP
100
AcDbFace
 10
0.04660176929846253
 20
0.8449027677634499
 30
-0.16116132555665771
 11
0.028801477362331192
 21
0.8204749328686611
 31
-0.16304038977933377
 12
0.028801477362331192
 22
0.8304749328686611
 32
-0.2930403897793337
 13
0.04660176929846253
 23
0.8549027677634499
 33
-0.2911613255566577
  0
3DFACE
  5
15C
330
17
100
AcDbEntity
  8
APPROX_CLIP
100
AcDbFace
 10
0.028801477362331192
 20
0.8204749328686611
 30
-0.16304038977933377
 11
0.0
 21
0.8111443302104225
 31
-0.16375812844535212
 12
0.0
 22
0.8211443302104225
 32
-0.2937581284453521
 13
0.028801477362331192
 23
0.8304749328686611
 33
-0.2930403897793337
  0
3DFACE
  5
15D
330
17
100
AcDbEntity
  8
APPROX_CLIP
100
AcDbFace
 10
0.0
 20
0.8111443302104225
 30
-0.16375812844535212
 11
-0.028801477362331178
 21
0.8204749328686611
 31
-0.16304038977933377
 12
-0.04660176929846252
 22
0.8449027677634499
 32
-0.16116132555665771
 13
-0.04660176929846252
 23
0.8449027677634499
 33
-0.16116132555665771
  0
3DFACE
  5
15E
330
17
100
AcDbEntity
  8
APPROX_CLIP
100
AcDbFace
 10
0.0
 20
0.8211443302104225
 30
-0.2937581284453521
 11
-0.04660176929846252
 21
0.8549027677634499
 31
-0.2911613255566577
 12
-0.028801477362331178
 22
0.8304749328686611
 32
-0.2930403897793337
 13
-0.028801477362331178
 23
0.8304749328686611
 33
-0.2930403897793337
  0
3DFACE
  5
15F
330
17
100
AcDbEntity
  8
APPROX_CLIP
100
AcDbFace
 10
0.0
 20
0.8111443302104225
 30
-0.16375812844535212
 11
-0.04660176929846252
 21
0.8449027677634499
 31
-0.16116132555665771
 12
-0.04660176929846253
 22
0.8750972322365501
 32
-0.1588386744433423
 13
-0.04660176929846253
 23
0.8750972322365501
 33
-0.1588386744433423
  0
3DFACE
  5
160
330
17
100
AcDbEntity
  8
APPROX_CLIP
100
AcDbFace
 10
0.0
 20
0.8211443302104225
 30
-0.2937581284453521
 11
-0.04660176929846253
 21
0.8850972322365501
 31
-0.28883867444334227
 12
-0.04660176929846252
 22
0.8549027677634499
 32
-0.2911613255566577
 13
-0.04660176929846252
 23
0.8549027677634499
 33
-0.2911613255566577
  0
3DFACE
  5
161
330
17
100
AcDbEntity
  8
APPROX_CLIP
100
AcDbFace
 10
0.0
 20
0.8111443302104225
 30
-0.16375812844535212
 11
-0.04660176929846253
 21
0.8750972322365501
 31
-0.1588386744433423
 12
-0.028801477362331185
 22
0.8995250671313388
 32
-0.15695961022066623
 13
-0.028801477362331185
 23
0.8995250671313388
 33
-0.15695961022066623
  0
3DFACE
  5
162
330
17
100
AcDbEntity
  8
APPROX_CLIP
100
AcDbFace
 10
0.0
 20
0.8211443302104225
 30
-0.2937581284453521
 11
-0.028801477362331185
 21
0.9095250671313388
 31
-0.28695961022066624
 12
-0.04660176929846253
 22
0.8850972322365501
 32
-0.28883867444334227
 13
-0.04660176929846253
 23
0.8850972322365501
 33
-0.28883867444334227
  0
3DFACE
  5
163
330
17
100
AcDbEntity
  8
APPROX_CLIP
100
AcDbFace
 10
0.0
 20
0.8111443302104225
 30
-0.16375812844535212
 11
-0.028801477362331185
 21
0.8995250671313388
 31
-0.15695961022066623
 12
-6.00076931582203e-18
 22
0.9088556697895774
 32
-0.1562418715546479
 13
-6.00076931582203e-18
 23
0.9088556697895774
 33
-0.1562418715546479
  0
3DFACE
  5
164
330
17
100
AcDbEntity
  8
APPROX_CLIP
100
AcDbFace
 10
0.0
 20
0.8211443302104225
 30
-0.2937581284453521
 11
-6.00076931582203e-18
 21
0.9188556697895774
 31
-0.28624187155464786
 12
-0.028801477362331185
 22
0.9095250671313388
 32
-0.28695961022066624
 13
-0.028801477362331185
 23
0.9095250671313388
 33
-0.28695961022066624
  0
3DFACE
  5
165
330
17
100
AcDbEntity
  8
APPROX_CLIP
100
AcDbFace
 10
0.0
 20
0.8111443302104225
 30
-0.16375812844535212
 11
-6.00076931582203e-18
 21
0.9088556697895774
 31
-0.1562418715546479
 12
0.028801477362331174
 22
0.899525067131339
 32
-0.15695961022066623
 13
0.028801477362331174
 23
0.899525067131339
 33
-0.15695961022066623
  0
3DFACE
  5
166
330
17
100
AcDbEntity
  8
APPROX_CLIP
100
AcDbFace
 10
0.0
 20
0.8211443302104225
 30
-0.2937581284453521
 11
0.028801477362331174
 21
0.909525067131339
 31
-0.28695961022066624
 12
-6.00076931582203e-18
 22
0.9188556697895774
 32
-0.28624187155464786
 13
-6.00076931582203e-18
 23
0.9188556697895774
 33
-0.28624187155464786
  0
3DFACE
  5
167
330
17
100
AcDbEntity
  8
APPROX_CLIP
100
AcDbFace
 10
0.0
 20
0.8111443302104225
 30
-0.16375812844535212
 11
0.028801477362331174
 21
0.899525067131339
 31
-0.15695961022066623
 12
0.04660176929846252
 22
0.8750972322365501
 32
-0.1588386744433423
 13
0.04660176929846252
 23
0.8750972322365501
 33
-0.1588386744433423
  0
3DFACE
  5
168
330
17
100
AcDbEntity
  8
APPROX_CLIP
100
AcDbFace
 10
0.0
 20
0.8211443302104225
 30
-0.2937581284453521
 11
0.04660176929846252
 21
0.8850972322365501
 31
-0.28883867444334227
 12
0.028801477362331174
 22
0.909525067131339
 32
-0.28695961022066624
 13
0.028801477362331174
 23
0.909525067131339
 33
-0.28695961022066624
  0
3DFACE
  5
169
330
17
100
AcDbEntity
  8
APPROX_CLIP
100
AcDbFace
 10
0.0
 20
0.8111443302104225
 30
-0.16375812844535212
 11
0.04660176929846252
 21
0.8750972322365501
 31
-0.1588386744433423
 12
0.04660176929846253
 22
0.8449027677634499
 32
-0.16116132555665771
 13
0.04660176929846253
 23
0.8449027677634499
 33
-0.16116132555665771
  0
3DFACE
  5
16A
330
17
100
AcDbEntity
  8
APPROX_CLIP
100
AcDbFace
 10
0.0
 20
0.8211443302104225
 30
-0.2937581284453521
 11
0.04660176929846253
 21
0.8549027677634499
 31
-0.2911613255566577
 12
0.04660176929846252
 22
0.8850972322365501
 32
-0.28883867444334227
 13
0.04660176929846252
 23
0.8850972322365501
 33
-0.28883867444334227
  0
3DFACE
  5
16B
330
17
100
AcDbEntity
  8
APPROX_CLIP
100
AcDbFace
 10
0.0
 20
0.8111443302104225
 30
-0.16375812844535212
 11
0.04660176929846253
 21
0.8449027677634499
 31
-0.16116132555665771
 12
0.028801477362331192
 22
0.8204749328686611
 32
-0.16304038977933377
 13
0.028801477362331192
 23
0.8204749328686611
 33
-0.16304038977933377
  0
3DFACE
  5
16C
330
17
100
AcDbEntity
  8
APPROX_CLIP
100
AcDbFace
 10
0.0
 20
0.8211443302104225
 30
-0.2937581284453521
 11
0.028801477362331192
 21
0.8304749328686611
 31
-0.2930403897793337
 12
0.04660176929846253
 22
0.8549027677634499
 32
-0.2911613255566577
 13
0.04660176929846253
 23
0.8549027677634499
 33
-0.2911613255566577
  0
3DFACE
  5
16D
330
17
100
AcDbEntity
  8
APPROX_CLIP
100
AcDbFace
 10
0.0
 20
0.8255099901594779
 30
-0.2694661493043744
 11
-0.028801477362331185
 21
0.8340068259591089
 31
-0.273387765827281
 12
-0.028801477362331185
 22
0.774006825959109
 32
-0.40338776582728103
 13
0.0
 23
0.765509990159478
 33
-0.3994661493043744
  0
3DFACE
  5
16E
330
17
100
AcDbEntity
  8
APPROX_CLIP
100
AcDbFace
 10
-0.028801477362331185
 20
0.8340068259591089
 30
-0.273387765827281
 11
-0.04660176929846253
 21
0.85625183087937
 31
-0.28365469117509384
 12
-0.04660176929846253
 22
0.79625183087937
 32
-0.41365469117509385
 13
-0.028801477362331185
 23
0.774006825959109
 33
-0.40338776582728103
  0
3DFACE
  5
16F
330
17
100
AcDbEntity
  8
APPROX_CLIP
100
AcDbFace
 10
-0.04660176929846253
 20
0.85625183087937
 30
-0.28365469117509384
 11
-0.046601769298462534
 21
0.8837481691206299
 31
-0.2963453088249061
 12
-0.046601769298462534
 22
0.8237481691206301
 32
-0.4263453088249061
 13
-0.04660176929846253
 23
0.79625183087937
 33
-0.41365469117509385
  0
3DFACE
  5
170
330
17
100
AcDbEntity
  8
APPROX_CLIP
100
AcDbFace
 10
-0.046601769298462534
 20
0.8837481691206299
 30
-0.2963453088249061
 11
-0.028801477362331192
 21
0.9059931740408911
 31
-0.30661223417271893
 12
-0.028801477362331192
 22
0.8459931740408911
 32
-0.43661223417271894
 13
-0.046601769298462534
 23
0.8237481691206301
 33
-0.4263453088249061
  0
3DFACE
  5
171
330
17
100
AcDbEntity
  8
APPROX_CLIP
100
AcDbFace
 10
-0.028801477362331192
 20
0.9059931740408911
 30
-0.30661223417271893
 11
-6.000769315822031e-18
 21
0.9144900098405221
 31
-0.31053385069562556
 12
-6.000769315822031e-18
 22
0.8544900098405221
 32
-0.44053385069562556
 13
-0.028801477362331192
 23
0.8459931740408911
 33
-0.43661223417271894
  0
3DFACE
  5
172
330
17
100
AcDbEntity
  8
APPROX_CLIP
100
AcDbFace
 10
-6.000769315822031e-18
 20
0.9144900098405221
 30
-0.31053385069562556
 11
0.028801477362331178
 21
0.9059931740408911
 31
-0.30661223417271893
 12
0.028801477362331178
 22
0.8459931740408911
 32
-0.43661223417271894
 13
-6.000769315822031e-18
 23
0.8544900098405221
 33
-0.44053385069562556
  0
3DFACE
  5
173
330
17
100
AcDbEntity
  8
APPROX_CLIP
100
AcDbFace
 10
0.028801477362331178
 20
0.9059931740408911
 30
-0.30661223417271893
 11
0.04660176929846253
 21
0.88374816912063
 31
-0.2963453088249061
 12
0.04660176929846253
 22
0.8237481691206301
 32
-0.4263453088249061
 13
0.028801477362331178
 23
0.8459931740408911
 33
-0.43661223417271894
  0
3DFACE
  5
174
330
17
100
AcDbEntity
  8
APPROX_CLIP
100
AcDbFace
 10
0.04660176929846253
 20
0.88374816912063
 30
-0.2963453088249061
 11
0.046601769298462534
 21
0.8562518308793701
 31
-0.28365469117509384
 12
0.046601769298462534
 22
0.7962518308793701
 32
-0.41365469117509385
 13
0.04660176929846253
 23
0.8237481691206301
 33
-0.4263453088249061
  0
3DFACE
  5
175
330
17
100
AcDbEntity
  8
APPROX_CLIP
100
AcDbFace
 10
0.046601769298462534
 20
0.8562518308793701
 30
-0.28365469117509384
 11
0.028801477362331195
 21
0.8340068259591089
 31
-0.273387765827281
 12
0.028801477362331195
 22
0.774006825959109
 32
-0.40338776582728103
 13
0.046601769298462534
 23
0.7962518308793701
 33
-0.41365469117509385
  0
3DFACE
  5
176
330
17
100
AcDbEntity
  8
APPROX_CLIP
100
AcDbFace
 10
0.028801477362331195
 20
0.8340068259591089
 30
-0.273387765827281
 11
0.0
 21
0.8255099901594779
 31
-0.2694661493043744
 12
0.0
 22
0.765509990159478
 32
-0.3994661493043744
 13
0.028801477362331195
 23
0.774006825959109
 33
-0.40338776582728103
  0
3DFACE
  5
177
330
17
100
AcDbEntity
  8
APPROX_CLIP
100
AcDbFace
 10
0.0
 20
0.8255099901594779
 30
-0.2694661493043744
 11
-0.028801477362331185
 21
0.8340068259591089
 31
-0.273387765827281
 12
-0.04660176929846253
 22
0.85625183087937
 32
-0.28365469117509384
 13
-0.04660176929846253
 23
0.85625183087937
 33
-0.28365469117509384
  0
3DFACE
  5
178
330
17
100
AcDbEntity
  8
APPROX_CLIP
100
AcDbFace
 10
0.0
 20
0.765509990159478
 30
-0.3994661493043744
 11
-0.04660176929846253
 21
0.79625183087937
 31
-0.41365469117509385
 12
-0.028801477362331185
 22
0.774006825959109
 32
-0.40338776582728103
 13
-0.028801477362331185
 23
0.774006825959109
 33
-0.40338776582728103
  0
3DFACE
  5
179
330
17
100
AcDbEntity
  8
APPROX_CLIP
100
AcDbFace
 10
0.0
 20
0.8255099901594779
 30
-0.2694661493043744
 11
-0.04660176929846253
 21
0.85625183087937
 31
-0.28365469117509384
 12
-0.046601769298462534
 22
0.8837481691206299
 32
-0.2963453088249061
 13
-0.046601769298462534
 23
0.8837481691206299
 33
-0.2963453088249061
  0
3DFACE
  5
17A
330
17
100
AcDbEntity
  8
APPROX_CLIP
100
AcDbFace
 10
0.0
 20
0.765509990159478
 30
-0.3994661493043744
 11
-0.046601769298462534
 21
0.8237481691206301
 31
-0.4263453088249061
 12
-0.04660176929846253
 22
0.79625183087937
 32
-0.41365469117509385
 13
-0.04660176929846253
 23
0.79625183087937
 33
-0.41365469117509385
  0
3DFACE
  5
17B
330
17
100
AcDbEntity
  8
APPROX_CLIP
100
AcDbFace
 10
0.0
 20
0.8255099901594779
 30
-0.2694661493043744
 11
-0.046601769298462534
 21
0.8837481691206299
 31
-0.2963453088249061
 12
-0.028801477362331192
 22
0.9059931740408911
 32
-0.30661223417271893
 13
-0.028801477362331192
 23
0.9059931740408911
 33
-0.30661223417271893
  0
3DFACE
  5
17C
330
17
100
AcDbEntity
  8
APPROX_CLIP
100
AcDbFace
 10
0.0
 20
0.765509990159478
 30
-0.3994661493043744
 11
-0.028801477362331192
 21
0.8459931740408911
 31
-0.43661223417271894
 12
-0.046601769298462534
 22
0.8237481691206301
 32
-0.4263453088249061
 13
-0.046601769298462534
 23
0.8237481691206301
 33
-0.4263453088249061
  0
3DFACE
  5
17D
330
17
100
AcDbEntity
  8
APPROX_CLIP
100
AcDbFace
 10
0.0
 20
0.8255099901594779
 30
-0.2694661493043744
 11
-0.028801477362331192
 21
0.9059931740408911
 31
-0.30661223417271893
 12
-6.000769315822031e-18
 22
0.9144900098405221
 32
-0.31053385069562556
 13
-6.000769315822031e-18
 23
0.9144900098405221
 33
-0.31053385069562556
  0
3DFACE
  5
17E
330
17
100
AcDbEntity
  8
APPROX_CLIP
100
AcDbFace
 10
0.0
 20
0.765509990159478
 30
-0.3994661493043744
 11
-6.000769315822031e-18
 21
0.8544900098405221
 31
-0.44053385069562556
 12
-0.028801477362331192
 22
0.8459931740408911
 32
-0.43661223417271894
 13
-0.028801477362331192
 23
0.8459931740408911
 33
-0.43661223417271894
  0
3DFACE
  5
17F
330
17
100
AcDbEntity
  8
APPROX_CLIP
100
AcDbFace
 10
0.0
 20
0.8255099901594779
 30
-0.2694661493043744
 11
-6.000769315822031e-18
 21
0.9144900098405221
 31
-0.31053385069562556
 12
0.028801477362331178
 22
0.9059931740408911
 32
-0.30661223417271893
 13
0.028801477362331178
 23
0.9059931740408911
 33
-0.30661223417271893
  0
3DFACE
  5
180
330
17
100
AcDbEntity
  8
APPROX_CLIP
100
AcDbFace
 10
0.0
 20
0.765509990159478
 30
-0.3994661493043744
 11
0.028801477362331178
 21
0.8459931740408911
 31
-0.43661223417271894
 12
-6.000769315822031e-18
 22
0.8544900098405221
 32
-0.44053385069562556
 13
-6.000769315822031e-18
 23
0.8544900098405221
 33
-0.44053385069562556
  0
3DFACE
  5
181
330
17
100
AcDbEntity
  8
APPROX_CLIP
100
AcDbFace
 10
0.0
 20
0.8255099901594779
 30
-0.2694661493043744
 11
0.028801477362331178
 21
0.9059931740408911
 31
-0.30661223417271893
 12
0.04660176929846253
 22
0.88374816912063
 32
-0.2963453088249061
 13
0.04660176929846253
 23
0.88374816912063
 33
-0.2963453088249061
  0
3DFACE
  5
182
330
17
100
AcDbEntity
  8
APPROX_CLIP
100
AcDbFace
 10
0.0
 20
0.765509990159478
 30
-0.3994661493043744
 11
0.04660176929846253
 21
0.8237481691206301
 31
-0.4263453088249061
 12
0.028801477362331178
 22
0.8459931740408911
 32
-0.43661223417271894
 13
0.028801477362331178
 23
0.8459931740408911
 33
-0.43661223417271894
  0
3DFACE
  5
183
330
17
100
AcDbEntity
  8
APPROX_CLIP
100
AcDbFace
 10
0.0
 20
0.8255099901594779
 30
-0.2694661493043744
 11
0.04660176929846253
 21
0.88374816912063
 31
-0.2963453088249061
 12
0.046601769298462534
 22
0.8562518308793701
 32
-0.28365469117509384
 13
0.046601769298462534
 23
0.8562518308793701
 33
-0.28365469117509384
  0
3DFACE
  5
184
330
17
100
AcDbEntity
  8
APPROX_CLIP
100
AcDbFace
 10
0.0
 20
0.765509990159478
 30
-0.3994661493043744
 11
0.046601769298462534
 21
0.7962518308793701
 31
-0.41365469117509385
 12
0.04660176929846253
 22
0.8237481691206301
 32
-0.4263453088249061
 13
0.04660176929846253
 23
0.8237481691206301
 33
-0.4263453088249061
  0
3DFACE
  5
185
330
17
100
AcDbEntity
  8
APPROX_CLIP
100
AcDbFace
 10
0.0
 20
0.8255099901594779
 30
-0.2694661493043744
 11
0.046601769298462534
 21
0.8562518308793701
 31
-0.28365469117509384
 12
0.028801477362331195
 22
0.8340068259591089
 32
-0.273387765827281
 13
0.028801477362331195
 23
0.8340068259591089
 33
-0.273387765827281
  0
3DFACE
  5
186
330
17
100
AcDbEntity
  8
APPROX_CLIP
100
AcDbFace
 10
0.0
 20
0.765509990159478
 30
-0.3994661493043744
 11
0.028801477362331195
 21
0.774006825959109
 31
-0.40338776582728103
 12
0.046601769298462534
 22
0.7962518308793701
 32
-0.41365469117509385
 13
0.046601769298462534
 23
0.7962518308793701
 33
-0.41365469117509385
  0
3DFACE
  5
187
330
17
100
AcDbEntity
  8
FASTENER
100
AcDbFace
 10
0.0
 20
-0.061
 30
0.64
 11
-0.023343689374270477
 21
-0.05635665148318849
 31
0.64
 12
-0.023343689374270477
 22
-0.05635665148318849
 32
-1.11
 13
0.0
 23
-0.061
 33
-1.11
  0
3DFACE
  5
188
330
17
100
AcDbEntity
  8
FASTENER
100
AcDbFace
 10
-0.023343689374270477
 20
-0.05635665148318849
 30
0.64
 11
-0.04313351365237939
 21
-0.0431335136523794
 31
0.64
 12
-0.04313351365237939
 22
-0.0431335136523794
 32
-1.11
 13
-0.023343689374270477
 23
-0.05635665148318849
 33
-1.11
  0
3DFACE
  5
189
330
17
100
AcDbEntity
  8
FASTENER
100
AcDbFace
 10
-0.04313351365237939
 20
-0.0431335136523794
 30
0.64
 11
-0.05635665148318849
 21
-0.02334368937427048
 31
0.64
 12
-0.05635665148318849
 22
-0.02334368937427048
 32
-1.11
 13
-0.04313351365237939
 23
-0.0431335136523794
 33
-1.11
  0
3DFACE
  5
18A
330
17
100
AcDbEntity
  8
FASTENER
100
AcDbFace
 10
-0.05635665148318849
 20
-0.02334368937427048
 30
0.64
 11
-0.061
 21
-3.7351727373994275e-18
 31
0.64
 12
-0.061
 22
-3.7351727373994275e-18
 32
-1.11
 13
-0.05635665148318849
 23
-0.02334368937427048
 33
-1.11
  0
3DFACE
  5
18B
330
17
100
AcDbEntity
  8
FASTENER
100
AcDbFace
 10
-0.061
 20
-3.7351727373994275e-18
 30
0.64
 11
-0.05635665148318849
 21
0.023343689374270473
 31
0.64
 12
-0.05635665148318849
 22
0.023343689374270473
 32
-1.11
 13
-0.061
 23
-3.7351727373994275e-18
 33
-1.11
  0
3DFACE
  5
18C
330
17
100
AcDbEntity
  8
FASTENER
100
AcDbFace
 10
-0.05635665148318849
 20
0.023343689374270473
 30
0.64
 11
-0.0431335136523794
 21
0.04313351365237939
 31
0.64
 12
-0.0431335136523794
 22
0.04313351365237939
 32
-1.11
 13
-0.05635665148318849
 23
0.023343689374270473
 33
-1.11
  0
3DFACE
  5
18D
330
17
100
AcDbEntity
  8
FASTENER
100
AcDbFace
 10
-0.0431335136523794
 20
0.04313351365237939
 30
0.64
 11
-0.023343689374270483
 21
0.05635665148318849
 31
0.64
 12
-0.023343689374270483
 22
0.05635665148318849
 32
-1.11
 13
-0.0431335136523794
 23
0.04313351365237939
 33
-1.11
  0
3DFACE
  5
18E
330
17
100
AcDbEntity
  8
FASTENER
100
AcDbFace
 10
-0.023343689374270483
 20
0.05635665148318849
 30
0.64
 11
-7.470345474798855e-18
 21
0.061
 31
0.64
 12
-7.470345474798855e-18
 22
0.061
 32
-1.11
 13
-0.023343689374270483
 23
0.05635665148318849
 33
-1.11
  0
3DFACE
  5
18F
330
17
100
AcDbEntity
  8
FASTENER
100
AcDbFace
 10
-7.470345474798855e-18
 20
0.061
 30
0.64
 11
0.02334368937427047
 21
0.0563566514831885
 31
0.64
 12
0.02334368937427047
 22
0.0563566514831885
 32
-1.11
 13
-7.470345474798855e-18
 23
0.061
 33
-1.11
  0
3DFACE
  5
190
330
17
100
AcDbEntity
  8
FASTENER
100
AcDbFace
 10
0.02334368937427047
 20
0.0563566514831885
 30
0.64
 11
0.04313351365237939
 21
0.043133513652379406
 31
0.64
 12
0.04313351365237939
 22
0.043133513652379406
 32
-1.11
 13
0.02334368937427047
 23
0.0563566514831885
 33
-1.11
  0
3DFACE
  5
191
330
17
100
AcDbEntity
  8
FASTENER
100
AcDbFace
 10
0.04313351365237939
 20
0.043133513652379406
 30
0.64
 11
0.056356651483188476
 21
0.02334368937427051
 31
0.64
 12
0.056356651483188476
 22
0.02334368937427051
 32
-1.11
 13
0.04313351365237939
 23
0.043133513652379406
 33
-1.11
  0
3DFACE
  5
192
330
17
100
AcDbEntity
  8
FASTENER
100
AcDbFace
 10
0.056356651483188476
 20
0.02334368937427051
 30
0.64
 11
0.061
 21
1.120551821219828e-17
 31
0.64
 12
0.061
 22
1.120551821219828e-17
 32
-1.11
 13
0.056356651483188476
 23
0.02334368937427051
 33
-1.11
  0
3DFACE
  5
193
330
17
100
AcDbEntity
  8
FASTENER
100
AcDbFace
 10
0.061
 20
1.120551821219828e-17
 30
0.64
 11
0.05635665148318848
 21
-0.02334368937427049
 31
0.64
 12
0.05635665148318848
 22
-0.02334368937427049
 32
-1.11
 13
0.061
 23
1.120551821219828e-17
 33
-1.11
  0
3DFACE
  5
194
330
17
100
AcDbEntity
  8
FASTENER
100
AcDbFace
 10
0.05635665148318848
 20
-0.02334368937427049
 30
0.64
 11
0.043133513652379406
 21
-0.043133513652379385
 31
0.64
 12
0.043133513652379406
 22
-0.043133513652379385
 32
-1.11
 13
0.05635665148318848
 23
-0.02334368937427049
 33
-1.11
  0
3DFACE
  5
195
330
17
100
AcDbEntity
  8
FASTENER
100
AcDbFace
 10
0.043133513652379406
 20
-0.043133513652379385
 30
0.64
 11
0.023343689374270515
 21
-0.056356651483188476
 31
0.64
 12
0.023343689374270515
 22
-0.056356651483188476
 32
-1.11
 13
0.043133513652379406
 23
-0.043133513652379385
 33
-1.11
  0
3DFACE
  5
196
330
17
100
AcDbEntity
  8
FASTENER
100
AcDbFace
 10
0.023343689374270515
 20
-0.056356651483188476
 30
0.64
 11
0.0
 21
-0.061
 31
0.64
 12
0.0
 22
-0.061
 32
-1.11
 13
0.023343689374270515
 23
-0.056356651483188476
 33
-1.11
  0
3DFACE
  5
197
330
17
100
AcDbEntity
  8
FASTENER
100
AcDbFace
 10
0.0
 20
-0.061
 30
0.64
 11
-0.023343689374270477
 21
-0.05635665148318849
 31
0.64
 12
-0.04313351365237939
 22
-0.0431335136523794
 32
0.64
 13
-0.04313351365237939
 23
-0.0431335136523794
 33
0.64
  0
3DFACE
  5
198
330
17
100
AcDbEntity
  8
FASTENER
100
AcDbFace
 10
0.0
 20
-0.061
 30
-1.11
 11
-0.04313351365237939
 21
-0.0431335136523794
 31
-1.11
 12
-0.023343689374270477
 22
-0.05635665148318849
 32
-1.11
 13
-0.023343689374270477
 23
-0.05635665148318849
 33
-1.11
  0
3DFACE
  5
199
330
17
100
AcDbEntity
  8
FASTENER
100
AcDbFace
 10
0.0
 20
-0.061
 30
0.64
 11
-0.04313351365237939
 21
-0.0431335136523794
 31
0.64
 12
-0.05635665148318849
 22
-0.02334368937427048
 32
0.64
 13
-0.05635665148318849
 23
-0.02334368937427048
 33
0.64
  0
3DFACE
  5
19A
330
17
100
AcDbEntity
  8
FASTENER
100
AcDbFace
 10
0.0
 20
-0.061
 30
-1.11
 11
-0.05635665148318849
 21
-0.02334368937427048
 31
-1.11
 12
-0.04313351365237939
 22
-0.0431335136523794
 32
-1.11
 13
-0.04313351365237939
 23
-0.0431335136523794
 33
-1.11
  0
3DFACE
  5
19B
330
17
100
AcDbEntity
  8
FASTENER
100
AcDbFace
 10
0.0
 20
-0.061
 30
0.64
 11
-0.05635665148318849
 21
-0.02334368937427048
 31
0.64
 12
-0.061
 22
-3.7351727373994275e-18
 32
0.64
 13
-0.061
 23
-3.7351727373994275e-18
 33
0.64
  0
3DFACE
  5
19C
330
17
100
AcDbEntity
  8
FASTENER
100
AcDbFace
 10
0.0
 20
-0.061
 30
-1.11
 11
-0.061
 21
-3.7351727373994275e-18
 31
-1.11
 12
-0.05635665148318849
 22
-0.02334368937427048
 32
-1.11
 13
-0.05635665148318849
 23
-0.02334368937427048
 33
-1.11
  0
3DFACE
  5
19D
330
17
100
AcDbEntity
  8
FASTENER
100
AcDbFace
 10
0.0
 20
-0.061
 30
0.64
 11
-0.061
 21
-3.7351727373994275e-18
 31
0.64
 12
-0.05635665148318849
 22
0.023343689374270473
 32
0.64
 13
-0.05635665148318849
 23
0.023343689374270473
 33
0.64
  0
3DFACE
  5
19E
330
17
100
AcDbEntity
  8
FASTENER
100
AcDbFace
 10
0.0
 20
-0.061
 30
-1.11
 11
-0.05635665148318849
 21
0.023343689374270473
 31
-1.11
 12
-0.061
 22
-3.7351727373994275e-18
 32
-1.11
 13
-0.061
 23
-3.7351727373994275e-18
 33
-1.11
  0
3DFACE
  5
19F
330
17
100
AcDbEntity
  8
FASTENER
100
AcDbFace
 10
0.0
 20
-0.061
 30
0.64
 11
-0.05635665148318849
 21
0.023343689374270473
 31
0.64
 12
-0.0431335136523794
 22
0.04313351365237939
 32
0.64
 13
-0.0431335136523794
 23
0.04313351365237939
 33
0.64
  0
3DFACE
  5
1A0
330
17
100
AcDbEntity
  8
FASTENER
100
AcDbFace
 10
0.0
 20
-0.061
 30
-1.11
 11
-0.0431335136523794
 21
0.04313351365237939
 31
-1.11
 12
-0.05635665148318849
 22
0.023343689374270473
 32
-1.11
 13
-0.05635665148318849
 23
0.023343689374270473
 33
-1.11
  0
3DFACE
  5
1A1
330
17
100
AcDbEntity
  8
FASTENER
100
AcDbFace
 10
0.0
 20
-0.061
 30
0.64
 11
-0.0431335136523794
 21
0.04313351365237939
 31
0.64
 12
-0.023343689374270483
 22
0.05635665148318849
 32
0.64
 13
-0.023343689374270483
 23
0.05635665148318849
 33
0.64
  0
3DFACE
  5
1A2
330
17
100
AcDbEntity
  8
FASTENER
100
AcDbFace
 10
0.0
 20
-0.061
 30
-1.11
 11
-0.023343689374270483
 21
0.05635665148318849
 31
-1.11
 12
-0.0431335136523794
 22
0.04313351365237939
 32
-1.11
 13
-0.0431335136523794
 23
0.04313351365237939
 33
-1.11
  0
3DFACE
  5
1A3
330
17
100
AcDbEntity
  8
FASTENER
100
AcDbFace
 10
0.0
 20
-0.061
 30
0.64
 11
-0.023343689374270483
 21
0.05635665148318849
 31
0.64
 12
-7.470345474798855e-18
 22
0.061
 32
0.64
 13
-7.470345474798855e-18
 23
0.061
 33
0.64
  0
3DFACE
  5
1A4
330
17
100
AcDbEntity
  8
FASTENER
100
AcDbFace
 10
0.0
 20
-0.061
 30
-1.11
 11
-7.470345474798855e-18
 21
0.061
 31
-1.11
 12
-0.023343689374270483
 22
0.05635665148318849
 32
-1.11
 13
-0.023343689374270483
 23
0.05635665148318849
 33
-1.11
  0
3DFACE
  5
1A5
330
17
100
AcDbEntity
  8
FASTENER
100
AcDbFace
 10
0.0
 20
-0.061
 30
0.64
 11
-7.470345474798855e-18
 21
0.061
 31
0.64
 12
0.02334368937427047
 22
0.0563566514831885
 32
0.64
 13
0.02334368937427047
 23
0.0563566514831885
 33
0.64
  0
3DFACE
  5
1A6
330
17
100
AcDbEntity
  8
FASTENER
100
AcDbFace
 10
0.0
 20
-0.061
 30
-1.11
 11
0.02334368937427047
 21
0.0563566514831885
 31
-1.11
 12
-7.470345474798855e-18
 22
0.061
 32
-1.11
 13
-7.470345474798855e-18
 23
0.061
 33
-1.11
  0
3DFACE
  5
1A7
330
17
100
AcDbEntity
  8
FASTENER
100
AcDbFace
 10
0.0
 20
-0.061
 30
0.64
 11
0.02334368937427047
 21
0.0563566514831885
 31
0.64
 12
0.04313351365237939
 22
0.043133513652379406
 32
0.64
 13
0.04313351365237939
 23
0.043133513652379406
 33
0.64
  0
3DFACE
  5
1A8
330
17
100
AcDbEntity
  8
FASTENER
100
AcDbFace
 10
0.0
 20
-0.061
 30
-1.11
 11
0.04313351365237939
 21
0.043133513652379406
 31
-1.11
 12
0.02334368937427047
 22
0.0563566514831885
 32
-1.11
 13
0.02334368937427047
 23
0.0563566514831885
 33
-1.11
  0
3DFACE
  5
1A9
330
17
100
AcDbEntity
  8
FASTENER
100
AcDbFace
 10
0.0
 20
-0.061
 30
0.64
 11
0.04313351365237939
 21
0.043133513652379406
 31
0.64
 12
0.056356651483188476
 22
0.02334368937427051
 32
0.64
 13
0.056356651483188476
 23
0.02334368937427051
 33
0.64
  0
3DFACE
  5
1AA
330
17
100
AcDbEntity
  8
FASTENER
100
AcDbFace
 10
0.0
 20
-0.061
 30
-1.11
 11
0.056356651483188476
 21
0.02334368937427051
 31
-1.11
 12
0.04313351365237939
 22
0.043133513652379406
 32
-1.11
 13
0.04313351365237939
 23
0.043133513652379406
 33
-1.11
  0
3DFACE
  5
1AB
330
17
100
AcDbEntity
  8
FASTENER
100
AcDbFace
 10
0.0
 20
-0.061
 30
0.64
 11
0.056356651483188476
 21
0.02334368937427051
 31
0.64
 12
0.061
 22
1.120551821219828e-17
 32
0.64
 13
0.061
 23
1.120551821219828e-17
 33
0.64
  0
3DFACE
  5
1AC
330
17
100
AcDbEntity
  8
FASTENER
100
AcDbFace
 10
0.0
 20
-0.061
 30
-1.11
 11
0.061
 21
1.120551821219828e-17
 31
-1.11
 12
0.056356651483188476
 22
0.02334368937427051
 32
-1.11
 13
0.056356651483188476
 23
0.02334368937427051
 33
-1.11
  0
3DFACE
  5
1AD
330
17
100
AcDbEntity
  8
FASTENER
100
AcDbFace
 10
0.0
 20
-0.061
 30
0.64
 11
0.061
 21
1.120551821219828e-17
 31
0.64
 12
0.05635665148318848
 22
-0.02334368937427049
 32
0.64
 13
0.05635665148318848
 23
-0.02334368937427049
 33
0.64
  0
3DFACE
  5
1AE
330
17
100
AcDbEntity
  8
FASTENER
100
AcDbFace
 10
0.0
 20
-0.061
 30
-1.11
 11
0.05635665148318848
 21
-0.02334368937427049
 31
-1.11
 12
0.061
 22
1.120551821219828e-17
 32
-1.11
 13
0.061
 23
1.120551821219828e-17
 33
-1.11
  0
3DFACE
  5
1AF
330
17
100
AcDbEntity
  8
FASTENER
100
AcDbFace
 10
0.0
 20
-0.061
 30
0.64
 11
0.05635665148318848
 21
-0.02334368937427049
 31
0.64
 12
0.043133513652379406
 22
-0.043133513652379385
 32
0.64
 13
0.043133513652379406
 23
-0.043133513652379385
 33
0.64
  0
3DFACE
  5
1B0
330
17
100
AcDbEntity
  8
FASTENER
100
AcDbFace
 10
0.0
 20
-0.061
 30
-1.11
 11
0.043133513652379406
 21
-0.043133513652379385
 31
-1.11
 12
0.05635665148318848
 22
-0.02334368937427049
 32
-1.11
 13
0.05635665148318848
 23
-0.02334368937427049
 33
-1.11
  0
3DFACE
  5
1B1
330
17
100
AcDbEntity
  8
FASTENER
100
AcDbFace
 10
0.0
 20
-0.061
 30
0.64
 11
0.043133513652379406
 21
-0.043133513652379385
 31
0.64
 12
0.023343689374270515
 22
-0.056356651483188476
 32
0.64
 13
0.023343689374270515
 23
-0.056356651483188476
 33
0.64
  0
3DFACE
  5
1B2
330
17
100
AcDbEntity
  8
FASTENER
100
AcDbFace
 10
0.0
 20
-0.061
 30
-1.11
 11
0.023343689374270515
 21
-0.056356651483188476
 31
-1.11
 12
0.043133513652379406
 22
-0.043133513652379385
 32
-1.11
 13
0.043133513652379406
 23
-0.043133513652379385
 33
-1.11
  0
3DFACE
  5
1B3
330
17
100
AcDbEntity
  8
FASTENER
100
AcDbFace
 10
0.0
 20
0.1
 30
0.64
 11
-0.03826834323650898
 21
0.09238795325112868
 31
0.64
 12
-0.03826834323650898
 22
0.09238795325112868
 32
0.7
 13
0.0
 23
0.1
 33
0.7
  0
3DFACE
  5
1B4
330
17
100
AcDbEntity
  8
FASTENER
100
AcDbFace
 10
-0.03826834323650898
 20
0.09238795325112868
 30
0.64
 11
-0.07071067811865475
 21
0.07071067811865477
 31
0.64
 12
-0.07071067811865475
 22
0.07071067811865477
 32
0.7
 13
-0.03826834323650898
 23
0.09238795325112868
 33
0.7
  0
3DFACE
  5
1B5
330
17
100
AcDbEntity
  8
FASTENER
100
AcDbFace
 10
-0.07071067811865475
 20
0.07071067811865477
 30
0.64
 11
-0.09238795325112868
 21
0.03826834323650899
 31
0.64
 12
-0.09238795325112868
 22
0.03826834323650899
 32
0.7
 13
-0.07071067811865475
 23
0.07071067811865477
 33
0.7
  0
3DFACE
  5
1B6
330
17
100
AcDbEntity
  8
FASTENER
100
AcDbFace
 10
-0.09238795325112868
 20
0.03826834323650899
 30
0.64
 11
-0.1
 21
6.123233995736766e-18
 31
0.64
 12
-0.1
 22
6.123233995736766e-18
 32
0.7
 13
-0.09238795325112868
 23
0.03826834323650899
 33
0.7
  0
3DFACE
  5
1B7
330
17
100
AcDbEntity
  8
FASTENER
100
AcDbFace
 10
-0.1
 20
6.123233995736766e-18
 30
0.64
 11
-0.09238795325112868
 21
-0.038268343236508975
 31
0.64
 12
-0.09238795325112868
 22
-0.038268343236508975
 32
0.7
 13
-0.1
 23
6.123233995736766e-18
 33
0.7
  0
3DFACE
  5
1B8
330
17
100
AcDbEntity
  8
FASTENER
100
AcDbFace
 10
-0.09238795325112868
 20
-0.038268343236508975
 30
0.64
 11
-0.07071067811865477
 21
-0.07071067811865475
 31
0.64
 12
-0.07071067811865477
 22
-0.07071067811865475
 32
0.7
 13
-0.09238795325112868
 23
-0.038268343236508975
 33
0.7
  0
3DFACE
  5
1B9
330
17
100
AcDbEntity
  8
FASTENER
100
AcDbFace
 10
-0.07071067811865477
 20
-0.07071067811865475
 30
0.64
 11
-0.03826834323650899
 21
-0.09238795325112868
 31
0.64
 12
-0.03826834323650899
 22
-0.09238795325112868
 32
0.7
 13
-0.07071067811865477
 23
-0.07071067811865475
 33
0.7
  0
3DFACE
  5
1BA
330
17
100
AcDbEntity
  8
FASTENER
100
AcDbFace
 10
-0.03826834323650899
 20
-0.09238795325112868
 30
0.64
 11
-1.2246467991473533e-17
 21
-0.1
 31
0.64
 12
-1.2246467991473533e-17
 22
-0.1
 32
0.7
 13
-0.03826834323650899
 23
-0.09238795325112868
 33
0.7
  0
3DFACE
  5
1BB
330
17
100
AcDbEntity
  8
FASTENER
100
AcDbFace
 10
-1.2246467991473533e-17
 20
-0.1
 30
0.64
 11
0.03826834323650897
 21
-0.0923879532511287
 31
0.64
 12
0.03826834323650897
 22
-0.0923879532511287
 32
0.7
 13
-1.2246467991473533e-17
 23
-0.1
 33
0.7
  0
3DFACE
  5
1BC
330
17
100
AcDbEntity
  8
FASTENER
100
AcDbFace
 10
0.03826834323650897
 20
-0.0923879532511287
 30
0.64
 11
0.07071067811865475
 21
-0.07071067811865477
 31
0.64
 12
0.07071067811865475
 22
-0.07071067811865477
 32
0.7
 13
0.03826834323650897
 23
-0.0923879532511287
 33
0.7
  0
3DFACE
  5
1BD
330
17
100
AcDbEntity
  8
FASTENER
100
AcDbFace
 10
0.07071067811865475
 20
-0.07071067811865477
 30
0.64
 11
0.09238795325112865
 21
-0.03826834323650904
 31
0.64
 12
0.09238795325112865
 22
-0.03826834323650904
 32
0.7
 13
0.07071067811865475
 23
-0.07071067811865477
 33
0.7
  0
3DFACE
  5
1BE
330
17
100
AcDbEntity
  8
FASTENER
100
AcDbFace
 10
0.09238795325112865
 20
-0.03826834323650904
 30
0.64
 11
0.1
 21
-1.8369701987210297e-17
 31
0.64
 12
0.1
 22
-1.8369701987210297e-17
 32
0.7
 13
0.09238795325112865
 23
-0.03826834323650904
 33
0.7
  0
3DFACE
  5
1BF
330
17
100
AcDbEntity
  8
FASTENER
100
AcDbFace
 10
0.1
 20
-1.8369701987210297e-17
 30
0.64
 11
0.09238795325112867
 21
0.038268343236509
 31
0.64
 12
0.09238795325112867
 22
0.038268343236509
 32
0.7
 13
0.1
 23
-1.8369701987210297e-17
 33
0.7
  0
3DFACE
  5
1C0
330
17
100
AcDbEntity
  8
FASTENER
100
AcDbFace
 10
0.09238795325112867
 20
0.038268343236509
 30
0.64
 11
0.07071067811865477
 21
0.07071067811865474
 31
0.64
 12
0.07071067811865477
 22
0.07071067811865474
 32
0.7
 13
0.09238795325112867
 23
0.038268343236509
 33
0.7
  0
3DFACE
  5
1C1
330
17
100
AcDbEntity
  8
FASTENER
100
AcDbFace
 10
0.07071067811865477
 20
0.07071067811865474
 30
0.64
 11
0.038268343236509045
 21
0.09238795325112865
 31
0.64
 12
0.038268343236509045
 22
0.09238795325112865
 32
0.7
 13
0.07071067811865477
 23
0.07071067811865474
 33
0.7
  0
3DFACE
  5
1C2
330
17
100
AcDbEntity
  8
FASTENER
100
AcDbFace
 10
0.038268343236509045
 20
0.09238795325112865
 30
0.64
 11
0.0
 21
0.1
 31
0.64
 12
0.0
 22
0.1
 32
0.7
 13
0.038268343236509045
 23
0.09238795325112865
 33
0.7
  0
3DFACE
  5
1C3
330
17
100
AcDbEntity
  8
FASTENER
100
AcDbFace
 10
0.0
 20
0.1
 30
0.64
 11
-0.03826834323650898
 21
0.09238795325112868
 31
0.64
 12
-0.07071067811865475
 22
0.07071067811865477
 32
0.64
 13
-0.07071067811865475
 23
0.07071067811865477
 33
0.64
  0
3DFACE
  5
1C4
330
17
100
AcDbEntity
  8
FASTENER
100
AcDbFace
 10
0.0
 20
0.1
 30
0.7
 11
-0.07071067811865475
 21
0.07071067811865477
 31
0.7
 12
-0.03826834323650898
 22
0.09238795325112868
 32
0.7
 13
-0.03826834323650898
 23
0.09238795325112868
 33
0.7
  0
3DFACE
  5
1C5
330
17
100
AcDbEntity
  8
FASTENER
100
AcDbFace
 10
0.0
 20
0.1
 30
0.64
 11
-0.07071067811865475
 21
0.07071067811865477
 31
0.64
 12
-0.09238795325112868
 22
0.03826834323650899
 32
0.64
 13
-0.09238795325112868
 23
0.03826834323650899
 33
0.64
  0
3DFACE
  5
1C6
330
17
100
AcDbEntity
  8
FASTENER
100
AcDbFace
 10
0.0
 20
0.1
 30
0.7
 11
-0.09238795325112868
 21
0.03826834323650899
 31
0.7
 12
-0.07071067811865475
 22
0.07071067811865477
 32
0.7
 13
-0.07071067811865475
 23
0.07071067811865477
 33
0.7
  0
3DFACE
  5
1C7
330
17
100
AcDbEntity
  8
FASTENER
100
AcDbFace
 10
0.0
 20
0.1
 30
0.64
 11
-0.09238795325112868
 21
0.03826834323650899
 31
0.64
 12
-0.1
 22
6.123233995736766e-18
 32
0.64
 13
-0.1
 23
6.123233995736766e-18
 33
0.64
  0
3DFACE
  5
1C8
330
17
100
AcDbEntity
  8
FASTENER
100
AcDbFace
 10
0.0
 20
0.1
 30
0.7
 11
-0.1
 21
6.123233995736766e-18
 31
0.7
 12
-0.09238795325112868
 22
0.03826834323650899
 32
0.7
 13
-0.09238795325112868
 23
0.03826834323650899
 33
0.7
  0
3DFACE
  5
1C9
330
17
100
AcDbEntity
  8
FASTENER
100
AcDbFace
 10
0.0
 20
0.1
 30
0.64
 11
-0.1
 21
6.123233995736766e-18
 31
0.64
 12
-0.09238795325112868
 22
-0.038268343236508975
 32
0.64
 13
-0.09238795325112868
 23
-0.038268343236508975
 33
0.64
  0
3DFACE
  5
1CA
330
17
100
AcDbEntity
  8
FASTENER
100
AcDbFace
 10
0.0
 20
0.1
 30
0.7
 11
-0.09238795325112868
 21
-0.038268343236508975
 31
0.7
 12
-0.1
 22
6.123233995736766e-18
 32
0.7
 13
-0.1
 23
6.123233995736766e-18
 33
0.7
  0
3DFACE
  5
1CB
330
17
100
AcDbEntity
  8
FASTENER
100
AcDbFace
 10
0.0
 20
0.1
 30
0.64
 11
-0.09238795325112868
 21
-0.038268343236508975
 31
0.64
 12
-0.07071067811865477
 22
-0.07071067811865475
 32
0.64
 13
-0.07071067811865477
 23
-0.07071067811865475
 33
0.64
  0
3DFACE
  5
1CC
330
17
100
AcDbEntity
  8
FASTENER
100
AcDbFace
 10
0.0
 20
0.1
 30
0.7
 11
-0.07071067811865477
 21
-0.07071067811865475
 31
0.7
 12
-0.09238795325112868
 22
-0.038268343236508975
 32
0.7
 13
-0.09238795325112868
 23
-0.038268343236508975
 33
0.7
  0
3DFACE
  5
1CD
330
17
100
AcDbEntity
  8
FASTENER
100
AcDbFace
 10
0.0
 20
0.1
 30
0.64
 11
-0.07071067811865477
 21
-0.07071067811865475
 31
0.64
 12
-0.03826834323650899
 22
-0.09238795325112868
 32
0.64
 13
-0.03826834323650899
 23
-0.09238795325112868
 33
0.64
  0
3DFACE
  5
1CE
330
17
100
AcDbEntity
  8
FASTENER
100
AcDbFace
 10
0.0
 20
0.1
 30
0.7
 11
-0.03826834323650899
 21
-0.09238795325112868
 31
0.7
 12
-0.07071067811865477
 22
-0.07071067811865475
 32
0.7
 13
-0.07071067811865477
 23
-0.07071067811865475
 33
0.7
  0
3DFACE
  5
1CF
330
17
100
AcDbEntity
  8
FASTENER
100
AcDbFace
 10
0.0
 20
0.1
 30
0.64
 11
-0.03826834323650899
 21
-0.09238795325112868
 31
0.64
 12
-1.2246467991473533e-17
 22
-0.1
 32
0.64
 13
-1.2246467991473533e-17
 23
-0.1
 33
0.64
  0
3DFACE
  5
1D0
330
17
100
AcDbEntity
  8
FASTENER
100
AcDbFace
 10
0.0
 20
0.1
 30
0.7
 11
-1.2246467991473533e-17
 21
-0.1
 31
0.7
 12
-0.03826834323650899
 22
-0.09238795325112868
 32
0.7
 13
-0.03826834323650899
 23
-0.09238795325112868
 33
0.7
  0
3DFACE
  5
1D1
330
17
100
AcDbEntity
  8
FASTENER
100
AcDbFace
 10
0.0
 20
0.1
 30
0.64
 11
-1.2246467991473533e-17
 21
-0.1
 31
0.64
 12
0.03826834323650897
 22
-0.0923879532511287
 32
0.64
 13
0.03826834323650897
 23
-0.0923879532511287
 33
0.64
  0
3DFACE
  5
1D2
330
17
100
AcDbEntity
  8
FASTENER
100
AcDbFace
 10
0.0
 20
0.1
 30
0.7
 11
0.03826834323650897
 21
-0.0923879532511287
 31
0.7
 12
-1.2246467991473533e-17
 22
-0.1
 32
0.7
 13
-1.2246467991473533e-17
 23
-0.1
 33
0.7
  0
3DFACE
  5
1D3
330
17
100
AcDbEntity
  8
FASTENER
100
AcDbFace
 10
0.0
 20
0.1
 30
0.64
 11
0.03826834323650897
 21
-0.0923879532511287
 31
0.64
 12
0.07071067811865475
 22
-0.07071067811865477
 32
0.64
 13
0.07071067811865475
 23
-0.07071067811865477
 33
0.64
  0
3DFACE
  5
1D4
330
17
100
AcDbEntity
  8
FASTENER
100
AcDbFace
 10
0.0
 20
0.1
 30
0.7
 11
0.07071067811865475
 21
-0.07071067811865477
 31
0.7
 12
0.03826834323650897
 22
-0.0923879532511287
 32
0.7
 13
0.03826834323650897
 23
-0.0923879532511287
 33
0.7
  0
3DFACE
  5
1D5
330
17
100
AcDbEntity
  8
FASTENER
100
AcDbFace
 10
0.0
 20
0.1
 30
0.64
 11
0.07071067811865475
 21
-0.07071067811865477
 31
0.64
 12
0.09238795325112865
 22
-0.03826834323650904
 32
0.64
 13
0.09238795325112865
 23
-0.03826834323650904
 33
0.64
  0
3DFACE
  5
1D6
330
17
100
AcDbEntity
  8
FASTENER
100
AcDbFace
 10
0.0
 20
0.1
 30
0.7
 11
0.09238795325112865
 21
-0.03826834323650904
 31
0.7
 12
0.07071067811865475
 22
-0.07071067811865477
 32
0.7
 13
0.07071067811865475
 23
-0.07071067811865477
 33
0.7
  0
3DFACE
  5
1D7
330
17
100
AcDbEntity
  8
FASTENER
100
AcDbFace
 10
0.0
 20
0.1
 30
0.64
 11
0.09238795325112865
 21
-0.03826834323650904
 31
0.64
 12
0.1
 22
-1.8369701987210297e-17
 32
0.64
 13
0.1
 23
-1.8369701987210297e-17
 33
0.64
  0
3DFACE
  5
1D8
330
17
100
AcDbEntity
  8
FASTENER
100
AcDbFace
 10
0.0
 20
0.1
 30
0.7
 11
0.1
 21
-1.8369701987210297e-17
 31
0.7
 12
0.09238795325112865
 22
-0.03826834323650904
 32
0.7
 13
0.09238795325112865
 23
-0.03826834323650904
 33
0.7
  0
3DFACE
  5
1D9
330
17
100
AcDbEntity
  8
FASTENER
100
AcDbFace
 10
0.0
 20
0.1
 30
0.64
 11
0.1
 21
-1.8369701987210297e-17
 31
0.64
 12
0.09238795325112867
 22
0.038268343236509
 32
0.64
 13
0.09238795325112867
 23
0.038268343236509
 33
0.64
  0
3DFACE
  5
1DA
330
17
100
AcDbEntity
  8
FASTENER
100
AcDbFace
 10
0.0
 20
0.1
 30
0.7
 11
0.09238795325112867
 21
0.038268343236509
 31
0.7
 12
0.1
 22
-1.8369701987210297e-17
 32
0.7
 13
0.1
 23
-1.8369701987210297e-17
 33
0.7
  0
3DFACE
  5
1DB
330
17
100
AcDbEntity
  8
FASTENER
100
AcDbFace
 10
0.0
 20
0.1
 30
0.64
 11
0.09238795325112867
 21
0.038268343236509
 31
0.64
 12
0.07071067811865477
 22
0.07071067811865474
 32
0.64
 13
0.07071067811865477
 23
0.07071067811865474
 33
0.64
  0
3DFACE
  5
1DC
330
17
100
AcDbEntity
  8
FASTENER
100
AcDbFace
 10
0.0
 20
0.1
 30
0.7
 11
0.07071067811865477
 21
0.07071067811865474
 31
0.7
 12
0.09238795325112867
 22
0.038268343236509
 32
0.7
 13
0.09238795325112867
 23
0.038268343236509
 33
0.7
  0
3DFACE
  5
1DD
330
17
100
AcDbEntity
  8
FASTENER
100
AcDbFace
 10
0.0
 20
0.1
 30
0.64
 11
0.07071067811865477
 21
0.07071067811865474
 31
0.64
 12
0.038268343236509045
 22
0.09238795325112865
 32
0.64
 13
0.038268343236509045
 23
0.09238795325112865
 33
0.64
  0
3DFACE
  5
1DE
330
17
100
AcDbEntity
  8
FASTENER
100
AcDbFace
 10
0.0
 20
0.1
 30
0.7
 11
0.038268343236509045
 21
0.09238795325112865
 31
0.7
 12
0.07071067811865477
 22
0.07071067811865474
 32
0.7
 13
0.07071067811865477
 23
0.07071067811865474
 33
0.7
  0
3DFACE
  5
1DF
330
17
100
AcDbEntity
  8
FASTENER
100
AcDbFace
 10
0.0
 20
0.0835
 30
-0.962
 11
-0.04908006856642151
 21
0.06755291903030812
 31
-0.962
 12
-0.04908006856642151
 22
0.06755291903030812
 32
-0.938
 13
0.0
 23
0.0835
 33
-0.938
  0
3DFACE
  5
1E0
330
17
100
AcDbEntity
  8
FASTENER
100
AcDbFace
 10
-0.04908006856642151
 20
0.06755291903030812
 30
-0.962
 11
-0.07941321911064532
 21
0.025802919030308114
 31
-0.962
 12
-0.07941321911064532
 22
0.025802919030308114
 32
-0.938
 13
-0.04908006856642151
 23
0.06755291903030812
 33
-0.938
  0
3DFACE
  5
1E1
330
17
100
AcDbEntity
  8
FASTENER
100
AcDbFace
 10
-0.07941321911064532
 20
0.025802919030308114
 30
-0.962
 11
-0.07941321911064533
 21
-0.025802919030308104
 31
-0.962
 12
-0.07941321911064533
 22
-0.025802919030308104
 32
-0.938
 13
-0.07941321911064532
 23
0.025802919030308114
 33
-0.938
  0
3DFACE
  5
1E2
330
17
100
AcDbEntity
  8
FASTENER
100
AcDbFace
 10
-0.07941321911064533
 20
-0.025802919030308104
 30
-0.962
 11
-0.04908006856642152
 21
-0.0675529190303081
 31
-0.962
 12
-0.04908006856642152
 22
-0.0675529190303081
 32
-0.938
 13
-0.07941321911064533
 23
-0.025802919030308104
 33
-0.938
  0
3DFACE
  5
1E3
330
17
100
AcDbEntity
  8
FASTENER
100
AcDbFace
 10
-0.04908006856642152
 20
-0.0675529190303081
 30
-0.962
 11
-1.02258007728804e-17
 21
-0.0835
 31
-0.962
 12
-1.02258007728804e-17
 22
-0.0835
 32
-0.938
 13
-0.04908006856642152
 23
-0.0675529190303081
 33
-0.938
  0
3DFACE
  5
1E4
330
17
100
AcDbEntity
  8
FASTENER
100
AcDbFace
 10
-1.02258007728804e-17
 20
-0.0835
 30
-0.962
 11
0.0490800685664215
 21
-0.06755291903030812
 31
-0.962
 12
0.0490800685664215
 22
-0.06755291903030812
 32
-0.938
 13
-1.02258007728804e-17
 23
-0.0835
 33
-0.938
  0
3DFACE
  5
1E5
330
17
100
AcDbEntity
  8
FASTENER
100
AcDbFace
 10
0.0490800685664215
 20
-0.06755291903030812
 30
-0.962
 11
0.07941321911064532
 21
-0.025802919030308125
 31
-0.962
 12
0.07941321911064532
 22
-0.025802919030308125
 32
-0.938
 13
0.0490800685664215
 23
-0.06755291903030812
 33
-0.938
  0
3DFACE
  5
1E6
330
17
100
AcDbEntity
  8
FASTENER
100
AcDbFace
 10
0.07941321911064532
 20
-0.025802919030308125
 30
-0.962
 11
0.07941321911064533
 21
0.025802919030308093
 31
-0.962
 12
0.07941321911064533
 22
0.025802919030308093
 32
-0.938
 13
0.07941321911064532
 23
-0.025802919030308125
 33
-0.938
  0
3DFACE
  5
1E7
330
17
100
AcDbEntity
  8
FASTENER
100
AcDbFace
 10
0.07941321911064533
 20
0.025802919030308093
 30
-0.962
 11
0.049080068566421525
 21
0.0675529190303081
 31
-0.962
 12
0.049080068566421525
 22
0.0675529190303081
 32
-0.938
 13
0.07941321911064533
 23
0.025802919030308093
 33
-0.938
  0
3DFACE
  5
1E8
330
17
100
AcDbEntity
  8
FASTENER
100
AcDbFace
 10
0.049080068566421525
 20
0.0675529190303081
 30
-0.962
 11
0.0
 21
0.0835
 31
-0.962
 12
0.0
 22
0.0835
 32
-0.938
 13
0.049080068566421525
 23
0.0675529190303081
 33
-0.938
  0
3DFACE
  5
1E9
330
17
100
AcDbEntity
  8
FASTENER
100
AcDbFace
 10
0.0
 20
0.0835
 30
-0.962
 11
-0.04908006856642151
 21
0.06755291903030812
 31
-0.962
 12
-0.07941321911064532
 22
0.025802919030308114
 32
-0.962
 13
-0.07941321911064532
 23
0.025802919030308114
 33
-0.962
  0
3DFACE
  5
1EA
330
17
100
AcDbEntity
  8
FASTENER
100
AcDbFace
 10
0.0
 20
0.0835
 30
-0.938
 11
-0.07941321911064532
 21
0.025802919030308114
 31
-0.938
 12
-0.04908006856642151
 22
0.06755291903030812
 32
-0.938
 13
-0.04908006856642151
 23
0.06755291903030812
 33
-0.938
  0
3DFACE
  5
1EB
330
17
100
AcDbEntity
  8
FASTENER
100
AcDbFace
 10
0.0
 20
0.0835
 30
-0.962
 11
-0.07941321911064532
 21
0.025802919030308114
 31
-0.962
 12
-0.07941321911064533
 22
-0.025802919030308104
 32
-0.962
 13
-0.07941321911064533
 23
-0.025802919030308104
 33
-0.962
  0
3DFACE
  5
1EC
330
17
100
AcDbEntity
  8
FASTENER
100
AcDbFace
 10
0.0
 20
0.0835
 30
-0.938
 11
-0.07941321911064533
 21
-0.025802919030308104
 31
-0.938
 12
-0.07941321911064532
 22
0.025802919030308114
 32
-0.938
 13
-0.07941321911064532
 23
0.025802919030308114
 33
-0.938
  0
3DFACE
  5
1ED
330
17
100
AcDbEntity
  8
FASTENER
100
AcDbFace
 10
0.0
 20
0.0835
 30
-0.962
 11
-0.07941321911064533
 21
-0.025802919030308104
 31
-0.962
 12
-0.04908006856642152
 22
-0.0675529190303081
 32
-0.962
 13
-0.04908006856642152
 23
-0.0675529190303081
 33
-0.962
  0
3DFACE
  5
1EE
330
17
100
AcDbEntity
  8
FASTENER
100
AcDbFace
 10
0.0
 20
0.0835
 30
-0.938
 11
-0.04908006856642152
 21
-0.0675529190303081
 31
-0.938
 12
-0.07941321911064533
 22
-0.025802919030308104
 32
-0.938
 13
-0.07941321911064533
 23
-0.025802919030308104
 33
-0.938
  0
3DFACE
  5
1EF
330
17
100
AcDbEntity
  8
FASTENER
100
AcDbFace
 10
0.0
 20
0.0835
 30
-0.962
 11
-0.04908006856642152
 21
-0.0675529190303081
 31
-0.962
 12
-1.02258007728804e-17
 22
-0.0835
 32
-0.962
 13
-1.02258007728804e-17
 23
-0.0835
 33
-0.962
  0
3DFACE
  5
1F0
330
17
100
AcDbEntity
  8
FASTENER
100
AcDbFace
 10
0.0
 20
0.0835
 30
-0.938
 11
-1.02258007728804e-17
 21
-0.0835
 31
-0.938
 12
-0.04908006856642152
 22
-0.0675529190303081
 32
-0.938
 13
-0.04908006856642152
 23
-0.0675529190303081
 33
-0.938
  0
3DFACE
  5
1F1
330
17
100
AcDbEntity
  8
FASTENER
100
AcDbFace
 10
0.0
 20
0.0835
 30
-0.962
 11
-1.02258007728804e-17
 21
-0.0835
 31
-0.962
 12
0.0490800685664215
 22
-0.06755291903030812
 32
-0.962
 13
0.0490800685664215
 23
-0.06755291903030812
 33
-0.962
  0
3DFACE
  5
1F2
330
17
100
AcDbEntity
  8
FASTENER
100
AcDbFace
 10
0.0
 20
0.0835
 30
-0.938
 11
0.0490800685664215
 21
-0.06755291903030812
 31
-0.938
 12
-1.02258007728804e-17
 22
-0.0835
 32
-0.938
 13
-1.02258007728804e-17
 23
-0.0835
 33
-0.938
  0
3DFACE
  5
1F3
330
17
100
AcDbEntity
  8
FASTENER
100
AcDbFace
 10
0.0
 20
0.0835
 30
-0.962
 11
0.0490800685664215
 21
-0.06755291903030812
 31
-0.962
 12
0.07941321911064532
 22
-0.025802919030308125
 32
-0.962
 13
0.07941321911064532
 23
-0.025802919030308125
 33
-0.962
  0
3DFACE
  5
1F4
330
17
100
AcDbEntity
  8
FASTENER
100
AcDbFace
 10
0.0
 20
0.0835
 30
-0.938
 11
0.07941321911064532
 21
-0.025802919030308125
 31
-0.938
 12
0.0490800685664215
 22
-0.06755291903030812
 32
-0.938
 13
0.0490800685664215
 23
-0.06755291903030812
 33
-0.938
  0
3DFACE
  5
1F5
330
17
100
AcDbEntity
  8
FASTENER
100
AcDbFace
 10
0.0
 20
0.0835
 30
-0.962
 11
0.07941321911064532
 21
-0.025802919030308125
 31
-0.962
 12
0.07941321911064533
 22
0.025802919030308093
 32
-0.962
 13
0.07941321911064533
 23
0.025802919030308093
 33
-0.962
  0
3DFACE
  5
1F6
330
17
100
AcDbEntity
  8
FASTENER
100
AcDbFace
 10
0.0
 20
0.0835
 30
-0.938
 11
0.07941321911064533
 21
0.025802919030308093
 31
-0.938
 12
0.07941321911064532
 22
-0.025802919030308125
 32
-0.938
 13
0.07941321911064532
 23
-0.025802919030308125
 33
-0.938
  0
3DFACE
  5
1F7
330
17
100
AcDbEntity
  8
FASTENER
100
AcDbFace
 10
0.0
 20
0.0835
 30
-0.962
 11
0.07941321911064533
 21
0.025802919030308093
 31
-0.962
 12
0.049080068566421525
 22
0.0675529190303081
 32
-0.962
 13
0.049080068566421525
 23
0.0675529190303081
 33
-0.962
  0
3DFACE
  5
1F8
330
17
100
AcDbEntity
  8
FASTENER
100
AcDbFace
 10
0.0
 20
0.0835
 30
-0.938
 11
0.049080068566421525
 21
0.0675529190303081
 31
-0.938
 12
0.07941321911064533
 22
0.025802919030308093
 32
-0.938
 13
0.07941321911064533
 23
0.025802919030308093
 33
-0.938
  0
3DFACE
  5
1F9
330
17
100
AcDbEntity
  8
FASTENER
100
AcDbFace
 10
0.0
 20
0.0835
 30
-0.832
 11
-0.04908006856642151
 21
0.06755291903030812
 31
-0.832
 12
-0.04908006856642151
 22
0.06755291903030812
 32
-0.8079999999999999
 13
0.0
 23
0.0835
 33
-0.8079999999999999
  0
3DFACE
  5
1FA
330
17
100
AcDbEntity
  8
FASTENER
100
AcDbFace
 10
-0.04908006856642151
 20
0.06755291903030812
 30
-0.832
 11
-0.07941321911064532
 21
0.025802919030308114
 31
-0.832
 12
-0.07941321911064532
 22
0.025802919030308114
 32
-0.8079999999999999
 13
-0.04908006856642151
 23
0.06755291903030812
 33
-0.8079999999999999
  0
3DFACE
  5
1FB
330
17
100
AcDbEntity
  8
FASTENER
100
AcDbFace
 10
-0.07941321911064532
 20
0.025802919030308114
 30
-0.832
 11
-0.07941321911064533
 21
-0.025802919030308104
 31
-0.832
 12
-0.07941321911064533
 22
-0.025802919030308104
 32
-0.8079999999999999
 13
-0.07941321911064532
 23
0.025802919030308114
 33
-0.8079999999999999
  0
3DFACE
  5
1FC
330
17
100
AcDbEntity
  8
FASTENER
100
AcDbFace
 10
-0.07941321911064533
 20
-0.025802919030308104
 30
-0.832
 11
-0.04908006856642152
 21
-0.0675529190303081
 31
-0.832
 12
-0.04908006856642152
 22
-0.0675529190303081
 32
-0.8079999999999999
 13
-0.07941321911064533
 23
-0.025802919030308104
 33
-0.8079999999999999
  0
3DFACE
  5
1FD
330
17
100
AcDbEntity
  8
FASTENER
100
AcDbFace
 10
-0.04908006856642152
 20
-0.0675529190303081
 30
-0.832
 11
-1.02258007728804e-17
 21
-0.0835
 31
-0.832
 12
-1.02258007728804e-17
 22
-0.0835
 32
-0.8079999999999999
 13
-0.04908006856642152
 23
-0.0675529190303081
 33
-0.8079999999999999
  0
3DFACE
  5
1FE
330
17
100
AcDbEntity
  8
FASTENER
100
AcDbFace
 10
-1.02258007728804e-17
 20
-0.0835
 30
-0.832
 11
0.0490800685664215
 21
-0.06755291903030812
 31
-0.832
 12
0.0490800685664215
 22
-0.06755291903030812
 32
-0.8079999999999999
 13
-1.02258007728804e-17
 23
-0.0835
 33
-0.8079999999999999
  0
3DFACE
  5
1FF
330
17
100
AcDbEntity
  8
FASTENER
100
AcDbFace
 10
0.0490800685664215
 20
-0.06755291903030812
 30
-0.832
 11
0.07941321911064532
 21
-0.025802919030308125
 31
-0.832
 12
0.07941321911064532
 22
-0.025802919030308125
 32
-0.8079999999999999
 13
0.0490800685664215
 23
-0.06755291903030812
 33
-0.8079999999999999
  0
3DFACE
  5
200
330
17
100
AcDbEntity
  8
FASTENER
100
AcDbFace
 10
0.07941321911064532
 20
-0.025802919030308125
 30
-0.832
 11
0.07941321911064533
 21
0.025802919030308093
 31
-0.832
 12
0.07941321911064533
 22
0.025802919030308093
 32
-0.8079999999999999
 13
0.07941321911064532
 23
-0.025802919030308125
 33
-0.8079999999999999
  0
3DFACE
  5
201
330
17
100
AcDbEntity
  8
FASTENER
100
AcDbFace
 10
0.07941321911064533
 20
0.025802919030308093
 30
-0.832
 11
0.049080068566421525
 21
0.0675529190303081
 31
-0.832
 12
0.049080068566421525
 22
0.0675529190303081
 32
-0.8079999999999999
 13
0.07941321911064533
 23
0.025802919030308093
 33
-0.8079999999999999
  0
3DFACE
  5
202
330
17
100
AcDbEntity
  8
FASTENER
100
AcDbFace
 10
0.049080068566421525
 20
0.0675529190303081
 30
-0.832
 11
0.0
 21
0.0835
 31
-0.832
 12
0.0
 22
0.0835
 32
-0.8079999999999999
 13
0.049080068566421525
 23
0.0675529190303081
 33
-0.8079999999999999
  0
3DFACE
  5
203
330
17
100
AcDbEntity
  8
FASTENER
100
AcDbFace
 10
0.0
 20
0.0835
 30
-0.832
 11
-0.04908006856642151
 21
0.06755291903030812
 31
-0.832
 12
-0.07941321911064532
 22
0.025802919030308114
 32
-0.832
 13
-0.07941321911064532
 23
0.025802919030308114
 33
-0.832
  0
3DFACE
  5
204
330
17
100
AcDbEntity
  8
FASTENER
100
AcDbFace
 10
0.0
 20
0.0835
 30
-0.8079999999999999
 11
-0.07941321911064532
 21
0.025802919030308114
 31
-0.8079999999999999
 12
-0.04908006856642151
 22
0.06755291903030812
 32
-0.8079999999999999
 13
-0.04908006856642151
 23
0.06755291903030812
 33
-0.8079999999999999
  0
3DFACE
  5
205
330
17
100
AcDbEntity
  8
FASTENER
100
AcDbFace
 10
0.0
 20
0.0835
 30
-0.832
 11
-0.07941321911064532
 21
0.025802919030308114
 31
-0.832
 12
-0.07941321911064533
 22
-0.025802919030308104
 32
-0.832
 13
-0.07941321911064533
 23
-0.025802919030308104
 33
-0.832
  0
3DFACE
  5
206
330
17
100
AcDbEntity
  8
FASTENER
100
AcDbFace
 10
0.0
 20
0.0835
 30
-0.8079999999999999
 11
-0.07941321911064533
 21
-0.025802919030308104
 31
-0.8079999999999999
 12
-0.07941321911064532
 22
0.025802919030308114
 32
-0.8079999999999999
 13
-0.07941321911064532
 23
0.025802919030308114
 33
-0.8079999999999999
  0
3DFACE
  5
207
330
17
100
AcDbEntity
  8
FASTENER
100
AcDbFace
 10
0.0
 20
0.0835
 30
-0.832
 11
-0.07941321911064533
 21
-0.025802919030308104
 31
-0.832
 12
-0.04908006856642152
 22
-0.0675529190303081
 32
-0.832
 13
-0.04908006856642152
 23
-0.0675529190303081
 33
-0.832
  0
3DFACE
  5
208
330
17
100
AcDbEntity
  8
FASTENER
100
AcDbFace
 10
0.0
 20
0.0835
 30
-0.8079999999999999
 11
-0.04908006856642152
 21
-0.0675529190303081
 31
-0.8079999999999999
 12
-0.07941321911064533
 22
-0.025802919030308104
 32
-0.8079999999999999
 13
-0.07941321911064533
 23
-0.025802919030308104
 33
-0.8079999999999999
  0
3DFACE
  5
209
330
17
100
AcDbEntity
  8
FASTENER
100
AcDbFace
 10
0.0
 20
0.0835
 30
-0.832
 11
-0.04908006856642152
 21
-0.0675529190303081
 31
-0.832
 12
-1.02258007728804e-17
 22
-0.0835
 32
-0.832
 13
-1.02258007728804e-17
 23
-0.0835
 33
-0.832
  0
3DFACE
  5
20A
330
17
100
AcDbEntity
  8
FASTENER
100
AcDbFace
 10
0.0
 20
0.0835
 30
-0.8079999999999999
 11
-1.02258007728804e-17
 21
-0.0835
 31
-0.8079999999999999
 12
-0.04908006856642152
 22
-0.0675529190303081
 32
-0.8079999999999999
 13
-0.04908006856642152
 23
-0.0675529190303081
 33
-0.8079999999999999
  0
3DFACE
  5
20B
330
17
100
AcDbEntity
  8
FASTENER
100
AcDbFace
 10
0.0
 20
0.0835
 30
-0.832
 11
-1.02258007728804e-17
 21
-0.0835
 31
-0.832
 12
0.0490800685664215
 22
-0.06755291903030812
 32
-0.832
 13
0.0490800685664215
 23
-0.06755291903030812
 33
-0.832
  0
3DFACE
  5
20C
330
17
100
AcDbEntity
  8
FASTENER
100
AcDbFace
 10
0.0
 20
0.0835
 30
-0.8079999999999999
 11
0.0490800685664215
 21
-0.06755291903030812
 31
-0.8079999999999999
 12
-1.02258007728804e-17
 22
-0.0835
 32
-0.8079999999999999
 13
-1.02258007728804e-17
 23
-0.0835
 33
-0.8079999999999999
  0
3DFACE
  5
20D
330
17
100
AcDbEntity
  8
FASTENER
100
AcDbFace
 10
0.0
 20
0.0835
 30
-0.832
 11
0.0490800685664215
 21
-0.06755291903030812
 31
-0.832
 12
0.07941321911064532
 22
-0.025802919030308125
 32
-0.832
 13
0.07941321911064532
 23
-0.025802919030308125
 33
-0.832
  0
3DFACE
  5
20E
330
17
100
AcDbEntity
  8
FASTENER
100
AcDbFace
 10
0.0
 20
0.0835
 30
-0.8079999999999999
 11
0.07941321911064532
 21
-0.025802919030308125
 31
-0.8079999999999999
 12
0.0490800685664215
 22
-0.06755291903030812
 32
-0.8079999999999999
 13
0.0490800685664215
 23
-0.06755291903030812
 33
-0.8079999999999999
  0
3DFACE
  5
20F
330
17
100
AcDbEntity
  8
FASTENER
100
AcDbFace
 10
0.0
 20
0.0835
 30
-0.832
 11
0.07941321911064532
 21
-0.025802919030308125
 31
-0.832
 12
0.07941321911064533
 22
0.025802919030308093
 32
-0.832
 13
0.07941321911064533
 23
0.025802919030308093
 33
-0.832
  0
3DFACE
  5
210
330
17
100
AcDbEntity
  8
FASTENER
100
AcDbFace
 10
0.0
 20
0.0835
 30
-0.8079999999999999
 11
0.07941321911064533
 21
0.025802919030308093
 31
-0.8079999999999999
 12
0.07941321911064532
 22
-0.025802919030308125
 32
-0.8079999999999999
 13
0.07941321911064532
 23
-0.025802919030308125
 33
-0.8079999999999999
  0
3DFACE
  5
211
330
17
100
AcDbEntity
  8
FASTENER
100
AcDbFace
 10
0.0
 20
0.0835
 30
-0.832
 11
0.07941321911064533
 21
0.025802919030308093
 31
-0.832
 12
0.049080068566421525
 22
0.0675529190303081
 32
-0.832
 13
0.049080068566421525
 23
0.0675529190303081
 33
-0.832
  0
3DFACE
  5
212
330
17
100
AcDbEntity
  8
FASTENER
100
AcDbFace
 10
0.0
 20
0.0835
 30
-0.8079999999999999
 11
0.049080068566421525
 21
0.0675529190303081
 31
-0.8079999999999999
 12
0.07941321911064533
 22
0.025802919030308093
 32
-0.8079999999999999
 13
0.07941321911064533
 23
0.025802919030308093
 33
-0.8079999999999999
  0
3DFACE
  5
213
330
17
100
AcDbEntity
  8
FASTENER
100
AcDbFace
 10
0.0
 20
0.0835
 30
-0.702
 11
-0.04908006856642151
 21
0.06755291903030812
 31
-0.702
 12
-0.04908006856642151
 22
0.06755291903030812
 32
-0.6779999999999999
 13
0.0
 23
0.0835
 33
-0.6779999999999999
  0
3DFACE
  5
214
330
17
100
AcDbEntity
  8
FASTENER
100
AcDbFace
 10
-0.04908006856642151
 20
0.06755291903030812
 30
-0.702
 11
-0.07941321911064532
 21
0.025802919030308114
 31
-0.702
 12
-0.07941321911064532
 22
0.025802919030308114
 32
-0.6779999999999999
 13
-0.04908006856642151
 23
0.06755291903030812
 33
-0.6779999999999999
  0
3DFACE
  5
215
330
17
100
AcDbEntity
  8
FASTENER
100
AcDbFace
 10
-0.07941321911064532
 20
0.025802919030308114
 30
-0.702
 11
-0.07941321911064533
 21
-0.025802919030308104
 31
-0.702
 12
-0.07941321911064533
 22
-0.025802919030308104
 32
-0.6779999999999999
 13
-0.07941321911064532
 23
0.025802919030308114
 33
-0.6779999999999999
  0
3DFACE
  5
216
330
17
100
AcDbEntity
  8
FASTENER
100
AcDbFace
 10
-0.07941321911064533
 20
-0.025802919030308104
 30
-0.702
 11
-0.04908006856642152
 21
-0.0675529190303081
 31
-0.702
 12
-0.04908006856642152
 22
-0.0675529190303081
 32
-0.6779999999999999
 13
-0.07941321911064533
 23
-0.025802919030308104
 33
-0.6779999999999999
  0
3DFACE
  5
217
330
17
100
AcDbEntity
  8
FASTENER
100
AcDbFace
 10
-0.04908006856642152
 20
-0.0675529190303081
 30
-0.702
 11
-1.02258007728804e-17
 21
-0.0835
 31
-0.702
 12
-1.02258007728804e-17
 22
-0.0835
 32
-0.6779999999999999
 13
-0.04908006856642152
 23
-0.0675529190303081
 33
-0.6779999999999999
  0
3DFACE
  5
218
330
17
100
AcDbEntity
  8
FASTENER
100
AcDbFace
 10
-1.02258007728804e-17
 20
-0.0835
 30
-0.702
 11
0.0490800685664215
 21
-0.06755291903030812
 31
-0.702
 12
0.0490800685664215
 22
-0.06755291903030812
 32
-0.6779999999999999
 13
-1.02258007728804e-17
 23
-0.0835
 33
-0.6779999999999999
  0
3DFACE
  5
219
330
17
100
AcDbEntity
  8
FASTENER
100
AcDbFace
 10
0.0490800685664215
 20
-0.06755291903030812
 30
-0.702
 11
0.07941321911064532
 21
-0.025802919030308125
 31
-0.702
 12
0.07941321911064532
 22
-0.025802919030308125
 32
-0.6779999999999999
 13
0.0490800685664215
 23
-0.06755291903030812
 33
-0.6779999999999999
  0
3DFACE
  5
21A
330
17
100
AcDbEntity
  8
FASTENER
100
AcDbFace
 10
0.07941321911064532
 20
-0.025802919030308125
 30
-0.702
 11
0.07941321911064533
 21
0.025802919030308093
 31
-0.702
 12
0.07941321911064533
 22
0.025802919030308093
 32
-0.6779999999999999
 13
0.07941321911064532
 23
-0.025802919030308125
 33
-0.6779999999999999
  0
3DFACE
  5
21B
330
17
100
AcDbEntity
  8
FASTENER
100
AcDbFace
 10
0.07941321911064533
 20
0.025802919030308093
 30
-0.702
 11
0.049080068566421525
 21
0.0675529190303081
 31
-0.702
 12
0.049080068566421525
 22
0.0675529190303081
 32
-0.6779999999999999
 13
0.07941321911064533
 23
0.025802919030308093
 33
-0.6779999999999999
  0
3DFACE
  5
21C
330
17
100
AcDbEntity
  8
FASTENER
100
AcDbFace
 10
0.049080068566421525
 20
0.0675529190303081
 30
-0.702
 11
0.0
 21
0.0835
 31
-0.702
 12
0.0
 22
0.0835
 32
-0.6779999999999999
 13
0.049080068566421525
 23
0.0675529190303081
 33
-0.6779999999999999
  0
3DFACE
  5
21D
330
17
100
AcDbEntity
  8
FASTENER
100
AcDbFace
 10
0.0
 20
0.0835
 30
-0.702
 11
-0.04908006856642151
 21
0.06755291903030812
 31
-0.702
 12
-0.07941321911064532
 22
0.025802919030308114
 32
-0.702
 13
-0.07941321911064532
 23
0.025802919030308114
 33
-0.702
  0
3DFACE
  5
21E
330
17
100
AcDbEntity
  8
FASTENER
100
AcDbFace
 10
0.0
 20
0.0835
 30
-0.6779999999999999
 11
-0.07941321911064532
 21
0.025802919030308114
 31
-0.6779999999999999
 12
-0.04908006856642151
 22
0.06755291903030812
 32
-0.6779999999999999
 13
-0.04908006856642151
 23
0.06755291903030812
 33
-0.6779999999999999
  0
3DFACE
  5
21F
330
17
100
AcDbEntity
  8
FASTENER
100
AcDbFace
 10
0.0
 20
0.0835
 30
-0.702
 11
-0.07941321911064532
 21
0.025802919030308114
 31
-0.702
 12
-0.07941321911064533
 22
-0.025802919030308104
 32
-0.702
 13
-0.07941321911064533
 23
-0.025802919030308104
 33
-0.702
  0
3DFACE
  5
220
330
17
100
AcDbEntity
  8
FASTENER
100
AcDbFace
 10
0.0
 20
0.0835
 30
-0.6779999999999999
 11
-0.07941321911064533
 21
-0.025802919030308104
 31
-0.6779999999999999
 12
-0.07941321911064532
 22
0.025802919030308114
 32
-0.6779999999999999
 13
-0.07941321911064532
 23
0.025802919030308114
 33
-0.6779999999999999
  0
3DFACE
  5
221
330
17
100
AcDbEntity
  8
FASTENER
100
AcDbFace
 10
0.0
 20
0.0835
 30
-0.702
 11
-0.07941321911064533
 21
-0.025802919030308104
 31
-0.702
 12
-0.04908006856642152
 22
-0.0675529190303081
 32
-0.702
 13
-0.04908006856642152
 23
-0.0675529190303081
 33
-0.702
  0
3DFACE
  5
222
330
17
100
AcDbEntity
  8
FASTENER
100
AcDbFace
 10
0.0
 20
0.0835
 30
-0.6779999999999999
 11
-0.04908006856642152
 21
-0.0675529190303081
 31
-0.6779999999999999
 12
-0.07941321911064533
 22
-0.025802919030308104
 32
-0.6779999999999999
 13
-0.07941321911064533
 23
-0.025802919030308104
 33
-0.6779999999999999
  0
3DFACE
  5
223
330
17
100
AcDbEntity
  8
FASTENER
100
AcDbFace
 10
0.0
 20
0.0835
 30
-0.702
 11
-0.04908006856642152
 21
-0.0675529190303081
 31
-0.702
 12
-1.02258007728804e-17
 22
-0.0835
 32
-0.702
 13
-1.02258007728804e-17
 23
-0.0835
 33
-0.702
  0
3DFACE
  5
224
330
17
100
AcDbEntity
  8
FASTENER
100
AcDbFace
 10
0.0
 20
0.0835
 30
-0.6779999999999999
 11
-1.02258007728804e-17
 21
-0.0835
 31
-0.6779999999999999
 12
-0.04908006856642152
 22
-0.0675529190303081
 32
-0.6779999999999999
 13
-0.04908006856642152
 23
-0.0675529190303081
 33
-0.6779999999999999
  0
3DFACE
  5
225
330
17
100
AcDbEntity
  8
FASTENER
100
AcDbFace
 10
0.0
 20
0.0835
 30
-0.702
 11
-1.02258007728804e-17
 21
-0.0835
 31
-0.702
 12
0.0490800685664215
 22
-0.06755291903030812
 32
-0.702
 13
0.0490800685664215
 23
-0.06755291903030812
 33
-0.702
  0
3DFACE
  5
226
330
17
100
AcDbEntity
  8
FASTENER
100
AcDbFace
 10
0.0
 20
0.0835
 30
-0.6779999999999999
 11
0.0490800685664215
 21
-0.06755291903030812
 31
-0.6779999999999999
 12
-1.02258007728804e-17
 22
-0.0835
 32
-0.6779999999999999
 13
-1.02258007728804e-17
 23
-0.0835
 33
-0.6779999999999999
  0
3DFACE
  5
227
330
17
100
AcDbEntity
  8
FASTENER
100
AcDbFace
 10
0.0
 20
0.0835
 30
-0.702
 11
0.0490800685664215
 21
-0.06755291903030812
 31
-0.702
 12
0.07941321911064532
 22
-0.025802919030308125
 32
-0.702
 13
0.07941321911064532
 23
-0.025802919030308125
 33
-0.702
  0
3DFACE
  5
228
330
17
100
AcDbEntity
  8
FASTENER
100
AcDbFace
 10
0.0
 20
0.0835
 30
-0.6779999999999999
 11
0.07941321911064532
 21
-0.025802919030308125
 31
-0.6779999999999999
 12
0.0490800685664215
 22
-0.06755291903030812
 32
-0.6779999999999999
 13
0.0490800685664215
 23
-0.06755291903030812
 33
-0.6779999999999999
  0
3DFACE
  5
229
330
17
100
AcDbEntity
  8
FASTENER
100
AcDbFace
 10
0.0
 20
0.0835
 30
-0.702
 11
0.07941321911064532
 21
-0.025802919030308125
 31
-0.702
 12
0.07941321911064533
 22
0.025802919030308093
 32
-0.702
 13
0.07941321911064533
 23
0.025802919030308093
 33
-0.702
  0
3DFACE
  5
22A
330
17
100
AcDbEntity
  8
FASTENER
100
AcDbFace
 10
0.0
 20
0.0835
 30
-0.6779999999999999
 11
0.07941321911064533
 21
0.025802919030308093
 31
-0.6779999999999999
 12
0.07941321911064532
 22
-0.025802919030308125
 32
-0.6779999999999999
 13
0.07941321911064532
 23
-0.025802919030308125
 33
-0.6779999999999999
  0
3DFACE
  5
22B
330
17
100
AcDbEntity
  8
FASTENER
100
AcDbFace
 10
0.0
 20
0.0835
 30
-0.702
 11
0.07941321911064533
 21
0.025802919030308093
 31
-0.702
 12
0.049080068566421525
 22
0.0675529190303081
 32
-0.702
 13
0.049080068566421525
 23
0.0675529190303081
 33
-0.702
  0
3DFACE
  5
22C
330
17
100
AcDbEntity
  8
FASTENER
100
AcDbFace
 10
0.0
 20
0.0835
 30
-0.6779999999999999
 11
0.049080068566421525
 21
0.0675529190303081
 31
-0.6779999999999999
 12
0.07941321911064533
 22
0.025802919030308093
 32
-0.6779999999999999
 13
0.07941321911064533
 23
0.025802919030308093
 33
-0.6779999999999999
  0
3DFACE
  5
22D
330
17
100
AcDbEntity
  8
FASTENER
100
AcDbFace
 10
0.0
 20
0.0835
 30
-0.572
 11
-0.04908006856642151
 21
0.06755291903030812
 31
-0.572
 12
-0.04908006856642151
 22
0.06755291903030812
 32
-0.5479999999999999
 13
0.0
 23
0.0835
 33
-0.5479999999999999
  0
3DFACE
  5
22E
330
17
100
AcDbEntity
  8
FASTENER
100
AcDbFace
 10
-0.04908006856642151
 20
0.06755291903030812
 30
-0.572
 11
-0.07941321911064532
 21
0.025802919030308114
 31
-0.572
 12
-0.07941321911064532
 22
0.025802919030308114
 32
-0.5479999999999999
 13
-0.04908006856642151
 23
0.06755291903030812
 33
-0.5479999999999999
  0
3DFACE
  5
22F
330
17
100
AcDbEntity
  8
FASTENER
100
AcDbFace
 10
-0.07941321911064532
 20
0.025802919030308114
 30
-0.572
 11
-0.07941321911064533
 21
-0.025802919030308104
 31
-0.572
 12
-0.07941321911064533
 22
-0.025802919030308104
 32
-0.5479999999999999
 13
-0.07941321911064532
 23
0.025802919030308114
 33
-0.5479999999999999
  0
3DFACE
  5
230
330
17
100
AcDbEntity
  8
FASTENER
100
AcDbFace
 10
-0.07941321911064533
 20
-0.025802919030308104
 30
-0.572
 11
-0.04908006856642152
 21
-0.0675529190303081
 31
-0.572
 12
-0.04908006856642152
 22
-0.0675529190303081
 32
-0.5479999999999999
 13
-0.07941321911064533
 23
-0.025802919030308104
 33
-0.5479999999999999
  0
3DFACE
  5
231
330
17
100
AcDbEntity
  8
FASTENER
100
AcDbFace
 10
-0.04908006856642152
 20
-0.0675529190303081
 30
-0.572
 11
-1.02258007728804e-17
 21
-0.0835
 31
-0.572
 12
-1.02258007728804e-17
 22
-0.0835
 32
-0.5479999999999999
 13
-0.04908006856642152
 23
-0.0675529190303081
 33
-0.5479999999999999
  0
3DFACE
  5
232
330
17
100
AcDbEntity
  8
FASTENER
100
AcDbFace
 10
-1.02258007728804e-17
 20
-0.0835
 30
-0.572
 11
0.0490800685664215
 21
-0.06755291903030812
 31
-0.572
 12
0.0490800685664215
 22
-0.06755291903030812
 32
-0.5479999999999999
 13
-1.02258007728804e-17
 23
-0.0835
 33
-0.5479999999999999
  0
3DFACE
  5
233
330
17
100
AcDbEntity
  8
FASTENER
100
AcDbFace
 10
0.0490800685664215
 20
-0.06755291903030812
 30
-0.572
 11
0.07941321911064532
 21
-0.025802919030308125
 31
-0.572
 12
0.07941321911064532
 22
-0.025802919030308125
 32
-0.5479999999999999
 13
0.0490800685664215
 23
-0.06755291903030812
 33
-0.5479999999999999
  0
3DFACE
  5
234
330
17
100
AcDbEntity
  8
FASTENER
100
AcDbFace
 10
0.07941321911064532
 20
-0.025802919030308125
 30
-0.572
 11
0.07941321911064533
 21
0.025802919030308093
 31
-0.572
 12
0.07941321911064533
 22
0.025802919030308093
 32
-0.5479999999999999
 13
0.07941321911064532
 23
-0.025802919030308125
 33
-0.5479999999999999
  0
3DFACE
  5
235
330
17
100
AcDbEntity
  8
FASTENER
100
AcDbFace
 10
0.07941321911064533
 20
0.025802919030308093
 30
-0.572
 11
0.049080068566421525
 21
0.0675529190303081
 31
-0.572
 12
0.049080068566421525
 22
0.0675529190303081
 32
-0.5479999999999999
 13
0.07941321911064533
 23
0.025802919030308093
 33
-0.5479999999999999
  0
3DFACE
  5
236
330
17
100
AcDbEntity
  8
FASTENER
100
AcDbFace
 10
0.049080068566421525
 20
0.0675529190303081
 30
-0.572
 11
0.0
 21
0.0835
 31
-0.572
 12
0.0
 22
0.0835
 32
-0.5479999999999999
 13
0.049080068566421525
 23
0.0675529190303081
 33
-0.5479999999999999
  0
3DFACE
  5
237
330
17
100
AcDbEntity
  8
FASTENER
100
AcDbFace
 10
0.0
 20
0.0835
 30
-0.572
 11
-0.04908006856642151
 21
0.06755291903030812
 31
-0.572
 12
-0.07941321911064532
 22
0.025802919030308114
 32
-0.572
 13
-0.07941321911064532
 23
0.025802919030308114
 33
-0.572
  0
3DFACE
  5
238
330
17
100
AcDbEntity
  8
FASTENER
100
AcDbFace
 10
0.0
 20
0.0835
 30
-0.5479999999999999
 11
-0.07941321911064532
 21
0.025802919030308114
 31
-0.5479999999999999
 12
-0.04908006856642151
 22
0.06755291903030812
 32
-0.5479999999999999
 13
-0.04908006856642151
 23
0.06755291903030812
 33
-0.5479999999999999
  0
3DFACE
  5
239
330
17
100
AcDbEntity
  8
FASTENER
100
AcDbFace
 10
0.0
 20
0.0835
 30
-0.572
 11
-0.07941321911064532
 21
0.025802919030308114
 31
-0.572
 12
-0.07941321911064533
 22
-0.025802919030308104
 32
-0.572
 13
-0.07941321911064533
 23
-0.025802919030308104
 33
-0.572
  0
3DFACE
  5
23A
330
17
100
AcDbEntity
  8
FASTENER
100
AcDbFace
 10
0.0
 20
0.0835
 30
-0.5479999999999999
 11
-0.07941321911064533
 21
-0.025802919030308104
 31
-0.5479999999999999
 12
-0.07941321911064532
 22
0.025802919030308114
 32
-0.5479999999999999
 13
-0.07941321911064532
 23
0.025802919030308114
 33
-0.5479999999999999
  0
3DFACE
  5
23B
330
17
100
AcDbEntity
  8
FASTENER
100
AcDbFace
 10
0.0
 20
0.0835
 30
-0.572
 11
-0.07941321911064533
 21
-0.025802919030308104
 31
-0.572
 12
-0.04908006856642152
 22
-0.0675529190303081
 32
-0.572
 13
-0.04908006856642152
 23
-0.0675529190303081
 33
-0.572
  0
3DFACE
  5
23C
330
17
100
AcDbEntity
  8
FASTENER
100
AcDbFace
 10
0.0
 20
0.0835
 30
-0.5479999999999999
 11
-0.04908006856642152
 21
-0.0675529190303081
 31
-0.5479999999999999
 12
-0.07941321911064533
 22
-0.025802919030308104
 32
-0.5479999999999999
 13
-0.07941321911064533
 23
-0.025802919030308104
 33
-0.5479999999999999
  0
3DFACE
  5
23D
330
17
100
AcDbEntity
  8
FASTENER
100
AcDbFace
 10
0.0
 20
0.0835
 30
-0.572
 11
-0.04908006856642152
 21
-0.0675529190303081
 31
-0.572
 12
-1.02258007728804e-17
 22
-0.0835
 32
-0.572
 13
-1.02258007728804e-17
 23
-0.0835
 33
-0.572
  0
3DFACE
  5
23E
330
17
100
AcDbEntity
  8
FASTENER
100
AcDbFace
 10
0.0
 20
0.0835
 30
-0.5479999999999999
 11
-1.02258007728804e-17
 21
-0.0835
 31
-0.5479999999999999
 12
-0.04908006856642152
 22
-0.0675529190303081
 32
-0.5479999999999999
 13
-0.04908006856642152
 23
-0.0675529190303081
 33
-0.5479999999999999
  0
3DFACE
  5
23F
330
17
100
AcDbEntity
  8
FASTENER
100
AcDbFace
 10
0.0
 20
0.0835
 30
-0.572
 11
-1.02258007728804e-17
 21
-0.0835
 31
-0.572
 12
0.0490800685664215
 22
-0.06755291903030812
 32
-0.572
 13
0.0490800685664215
 23
-0.06755291903030812
 33
-0.572
  0
3DFACE
  5
240
330
17
100
AcDbEntity
  8
FASTENER
100
AcDbFace
 10
0.0
 20
0.0835
 30
-0.5479999999999999
 11
0.0490800685664215
 21
-0.06755291903030812
 31
-0.5479999999999999
 12
-1.02258007728804e-17
 22
-0.0835
 32
-0.5479999999999999
 13
-1.02258007728804e-17
 23
-0.0835
 33
-0.5479999999999999
  0
3DFACE
  5
241
330
17
100
AcDbEntity
  8
FASTENER
100
AcDbFace
 10
0.0
 20
0.0835
 30
-0.572
 11
0.0490800685664215
 21
-0.06755291903030812
 31
-0.572
 12
0.07941321911064532
 22
-0.025802919030308125
 32
-0.572
 13
0.07941321911064532
 23
-0.025802919030308125
 33
-0.572
  0
3DFACE
  5
242
330
17
100
AcDbEntity
  8
FASTENER
100
AcDbFace
 10
0.0
 20
0.0835
 30
-0.5479999999999999
 11
0.07941321911064532
 21
-0.025802919030308125
 31
-0.5479999999999999
 12
0.0490800685664215
 22
-0.06755291903030812
 32
-0.5479999999999999
 13
0.0490800685664215
 23
-0.06755291903030812
 33
-0.5479999999999999
  0
3DFACE
  5
243
330
17
100
AcDbEntity
  8
FASTENER
100
AcDbFace
 10
0.0
 20
0.0835
 30
-0.572
 11
0.07941321911064532
 21
-0.025802919030308125
 31
-0.572
 12
0.07941321911064533
 22
0.025802919030308093
 32
-0.572
 13
0.07941321911064533
 23
0.025802919030308093
 33
-0.572
  0
3DFACE
  5
244
330
17
100
AcDbEntity
  8
FASTENER
100
AcDbFace
 10
0.0
 20
0.0835
 30
-0.5479999999999999
 11
0.07941321911064533
 21
0.025802919030308093
 31
-0.5479999999999999
 12
0.07941321911064532
 22
-0.025802919030308125
 32
-0.5479999999999999
 13
0.07941321911064532
 23
-0.025802919030308125
 33
-0.5479999999999999
  0
3DFACE
  5
245
330
17
100
AcDbEntity
  8
FASTENER
100
AcDbFace
 10
0.0
 20
0.0835
 30
-0.572
 11
0.07941321911064533
 21
0.025802919030308093
 31
-0.572
 12
0.049080068566421525
 22
0.0675529190303081
 32
-0.572
 13
0.049080068566421525
 23
0.0675529190303081
 33
-0.572
  0
3DFACE
  5
246
330
17
100
AcDbEntity
  8
FASTENER
100
AcDbFace
 10
0.0
 20
0.0835
 30
-0.5479999999999999
 11
0.049080068566421525
 21
0.0675529190303081
 31
-0.5479999999999999
 12
0.07941321911064533
 22
0.025802919030308093
 32
-0.5479999999999999
 13
0.07941321911064533
 23
0.025802919030308093
 33
-0.5479999999999999
  0
3DFACE
  5
247
330
17
100
AcDbEntity
  8
FASTENER
100
AcDbFace
 10
0.0
 20
0.0835
 30
-0.44199999999999995
 11
-0.04908006856642151
 21
0.06755291903030812
 31
-0.44199999999999995
 12
-0.04908006856642151
 22
0.06755291903030812
 32
-0.4179999999999999
 13
0.0
 23
0.0835
 33
-0.4179999999999999
  0
3DFACE
  5
248
330
17
100
AcDbEntity
  8
FASTENER
100
AcDbFace
 10
-0.04908006856642151
 20
0.06755291903030812
 30
-0.44199999999999995
 11
-0.07941321911064532
 21
0.025802919030308114
 31
-0.44199999999999995
 12
-0.07941321911064532
 22
0.025802919030308114
 32
-0.4179999999999999
 13
-0.04908006856642151
 23
0.06755291903030812
 33
-0.4179999999999999
  0
3DFACE
  5
249
330
17
100
AcDbEntity
  8
FASTENER
100
AcDbFace
 10
-0.07941321911064532
 20
0.025802919030308114
 30
-0.44199999999999995
 11
-0.07941321911064533
 21
-0.025802919030308104
 31
-0.44199999999999995
 12
-0.07941321911064533
 22
-0.025802919030308104
 32
-0.4179999999999999
 13
-0.07941321911064532
 23
0.025802919030308114
 33
-0.4179999999999999
  0
3DFACE
  5
24A
330
17
100
AcDbEntity
  8
FASTENER
100
AcDbFace
 10
-0.07941321911064533
 20
-0.025802919030308104
 30
-0.44199999999999995
 11
-0.04908006856642152
 21
-0.0675529190303081
 31
-0.44199999999999995
 12
-0.04908006856642152
 22
-0.0675529190303081
 32
-0.4179999999999999
 13
-0.07941321911064533
 23
-0.025802919030308104
 33
-0.4179999999999999
  0
3DFACE
  5
24B
330
17
100
AcDbEntity
  8
FASTENER
100
AcDbFace
 10
-0.04908006856642152
 20
-0.0675529190303081
 30
-0.44199999999999995
 11
-1.02258007728804e-17
 21
-0.0835
 31
-0.44199999999999995
 12
-1.02258007728804e-17
 22
-0.0835
 32
-0.4179999999999999
 13
-0.04908006856642152
 23
-0.0675529190303081
 33
-0.4179999999999999
  0
3DFACE
  5
24C
330
17
100
AcDbEntity
  8
FASTENER
100
AcDbFace
 10
-1.02258007728804e-17
 20
-0.0835
 30
-0.44199999999999995
 11
0.0490800685664215
 21
-0.06755291903030812
 31
-0.44199999999999995
 12
0.0490800685664215
 22
-0.06755291903030812
 32
-0.4179999999999999
 13
-1.02258007728804e-17
 23
-0.0835
 33
-0.4179999999999999
  0
3DFACE
  5
24D
330
17
100
AcDbEntity
  8
FASTENER
100
AcDbFace
 10
0.0490800685664215
 20
-0.06755291903030812
 30
-0.44199999999999995
 11
0.07941321911064532
 21
-0.025802919030308125
 31
-0.44199999999999995
 12
0.07941321911064532
 22
-0.025802919030308125
 32
-0.4179999999999999
 13
0.0490800685664215
 23
-0.06755291903030812
 33
-0.4179999999999999
  0
3DFACE
  5
24E
330
17
100
AcDbEntity
  8
FASTENER
100
AcDbFace
 10
0.07941321911064532
 20
-0.025802919030308125
 30
-0.44199999999999995
 11
0.07941321911064533
 21
0.025802919030308093
 31
-0.44199999999999995
 12
0.07941321911064533
 22
0.025802919030308093
 32
-0.4179999999999999
 13
0.07941321911064532
 23
-0.025802919030308125
 33
-0.4179999999999999
  0
3DFACE
  5
24F
330
17
100
AcDbEntity
  8
FASTENER
100
AcDbFace
 10
0.07941321911064533
 20
0.025802919030308093
 30
-0.44199999999999995
 11
0.049080068566421525
 21
0.0675529190303081
 31
-0.44199999999999995
 12
0.049080068566421525
 22
0.0675529190303081
 32
-0.4179999999999999
 13
0.07941321911064533
 23
0.025802919030308093
 33
-0.4179999999999999
  0
3DFACE
  5
250
330
17
100
AcDbEntity
  8
FASTENER
100
AcDbFace
 10
0.049080068566421525
 20
0.0675529190303081
 30
-0.44199999999999995
 11
0.0
 21
0.0835
 31
-0.44199999999999995
 12
0.0
 22
0.0835
 32
-0.4179999999999999
 13
0.049080068566421525
 23
0.0675529190303081
 33
-0.4179999999999999
  0
3DFACE
  5
251
330
17
100
AcDbEntity
  8
FASTENER
100
AcDbFace
 10
0.0
 20
0.0835
 30
-0.44199999999999995
 11
-0.04908006856642151
 21
0.06755291903030812
 31
-0.44199999999999995
 12
-0.07941321911064532
 22
0.025802919030308114
 32
-0.44199999999999995
 13
-0.07941321911064532
 23
0.025802919030308114
 33
-0.44199999999999995
  0
3DFACE
  5
252
330
17
100
AcDbEntity
  8
FASTENER
100
AcDbFace
 10
0.0
 20
0.0835
 30
-0.4179999999999999
 11
-0.07941321911064532
 21
0.025802919030308114
 31
-0.4179999999999999
 12
-0.04908006856642151
 22
0.06755291903030812
 32
-0.4179999999999999
 13
-0.04908006856642151
 23
0.06755291903030812
 33
-0.4179999999999999
  0
3DFACE
  5
253
330
17
100
AcDbEntity
  8
FASTENER
100
AcDbFace
 10
0.0
 20
0.0835
 30
-0.44199999999999995
 11
-0.07941321911064532
 21
0.025802919030308114
 31
-0.44199999999999995
 12
-0.07941321911064533
 22
-0.025802919030308104
 32
-0.44199999999999995
 13
-0.07941321911064533
 23
-0.025802919030308104
 33
-0.44199999999999995
  0
3DFACE
  5
254
330
17
100
AcDbEntity
  8
FASTENER
100
AcDbFace
 10
0.0
 20
0.0835
 30
-0.4179999999999999
 11
-0.07941321911064533
 21
-0.025802919030308104
 31
-0.4179999999999999
 12
-0.07941321911064532
 22
0.025802919030308114
 32
-0.4179999999999999
 13
-0.07941321911064532
 23
0.025802919030308114
 33
-0.4179999999999999
  0
3DFACE
  5
255
330
17
100
AcDbEntity
  8
FASTENER
100
AcDbFace
 10
0.0
 20
0.0835
 30
-0.44199999999999995
 11
-0.07941321911064533
 21
-0.025802919030308104
 31
-0.44199999999999995
 12
-0.04908006856642152
 22
-0.0675529190303081
 32
-0.44199999999999995
 13
-0.04908006856642152
 23
-0.0675529190303081
 33
-0.44199999999999995
  0
3DFACE
  5
256
330
17
100
AcDbEntity
  8
FASTENER
100
AcDbFace
 10
0.0
 20
0.0835
 30
-0.4179999999999999
 11
-0.04908006856642152
 21
-0.0675529190303081
 31
-0.4179999999999999
 12
-0.07941321911064533
 22
-0.025802919030308104
 32
-0.4179999999999999
 13
-0.07941321911064533
 23
-0.025802919030308104
 33
-0.4179999999999999
  0
3DFACE
  5
257
330
17
100
AcDbEntity
  8
FASTENER
100
AcDbFace
 10
0.0
 20
0.0835
 30
-0.44199999999999995
 11
-0.04908006856642152
 21
-0.0675529190303081
 31
-0.44199999999999995
 12
-1.02258007728804e-17
 22
-0.0835
 32
-0.44199999999999995
 13
-1.02258007728804e-17
 23
-0.0835
 33
-0.44199999999999995
  0
3DFACE
  5
258
330
17
100
AcDbEntity
  8
FASTENER
100
AcDbFace
 10
0.0
 20
0.0835
 30
-0.4179999999999999
 11
-1.02258007728804e-17
 21
-0.0835
 31
-0.4179999999999999
 12
-0.04908006856642152
 22
-0.0675529190303081
 32
-0.4179999999999999
 13
-0.04908006856642152
 23
-0.0675529190303081
 33
-0.4179999999999999
  0
3DFACE
  5
259
330
17
100
AcDbEntity
  8
FASTENER
100
AcDbFace
 10
0.0
 20
0.0835
 30
-0.44199999999999995
 11
-1.02258007728804e-17
 21
-0.0835
 31
-0.44199999999999995
 12
0.0490800685664215
 22
-0.06755291903030812
 32
-0.44199999999999995
 13
0.0490800685664215
 23
-0.06755291903030812
 33
-0.44199999999999995
  0
3DFACE
  5
25A
330
17
100
AcDbEntity
  8
FASTENER
100
AcDbFace
 10
0.0
 20
0.0835
 30
-0.4179999999999999
 11
0.0490800685664215
 21
-0.06755291903030812
 31
-0.4179999999999999
 12
-1.02258007728804e-17
 22
-0.0835
 32
-0.4179999999999999
 13
-1.02258007728804e-17
 23
-0.0835
 33
-0.4179999999999999
  0
3DFACE
  5
25B
330
17
100
AcDbEntity
  8
FASTENER
100
AcDbFace
 10
0.0
 20
0.0835
 30
-0.44199999999999995
 11
0.0490800685664215
 21
-0.06755291903030812
 31
-0.44199999999999995
 12
0.07941321911064532
 22
-0.025802919030308125
 32
-0.44199999999999995
 13
0.07941321911064532
 23
-0.025802919030308125
 33
-0.44199999999999995
  0
3DFACE
  5
25C
330
17
100
AcDbEntity
  8
FASTENER
100
AcDbFace
 10
0.0
 20
0.0835
 30
-0.4179999999999999
 11
0.07941321911064532
 21
-0.025802919030308125
 31
-0.4179999999999999
 12
0.0490800685664215
 22
-0.06755291903030812
 32
-0.4179999999999999
 13
0.0490800685664215
 23
-0.06755291903030812
 33
-0.4179999999999999
  0
3DFACE
  5
25D
330
17
100
AcDbEntity
  8
FASTENER
100
AcDbFace
 10
0.0
 20
0.0835
 30
-0.44199999999999995
 11
0.07941321911064532
 21
-0.025802919030308125
 31
-0.44199999999999995
 12
0.07941321911064533
 22
0.025802919030308093
 32
-0.44199999999999995
 13
0.07941321911064533
 23
0.025802919030308093
 33
-0.44199999999999995
  0
3DFACE
  5
25E
330
17
100
AcDbEntity
  8
FASTENER
100
AcDbFace
 10
0.0
 20
0.0835
 30
-0.4179999999999999
 11
0.07941321911064533
 21
0.025802919030308093
 31
-0.4179999999999999
 12
0.07941321911064532
 22
-0.025802919030308125
 32
-0.4179999999999999
 13
0.07941321911064532
 23
-0.025802919030308125
 33
-0.4179999999999999
  0
3DFACE
  5
25F
330
17
100
AcDbEntity
  8
FASTENER
100
AcDbFace
 10
0.0
 20
0.0835
 30
-0.44199999999999995
 11
0.07941321911064533
 21
0.025802919030308093
 31
-0.44199999999999995
 12
0.049080068566421525
 22
0.0675529190303081
 32
-0.44199999999999995
 13
0.049080068566421525
 23
0.0675529190303081
 33
-0.44199999999999995
  0
3DFACE
  5
260
330
17
100
AcDbEntity
  8
FASTENER
100
AcDbFace
 10
0.0
 20
0.0835
 30
-0.4179999999999999
 11
0.049080068566421525
 21
0.0675529190303081
 31
-0.4179999999999999
 12
0.07941321911064533
 22
0.025802919030308093
 32
-0.4179999999999999
 13
0.07941321911064533
 23
0.025802919030308093
 33
-0.4179999999999999
  0
3DFACE
  5
261
330
17
100
AcDbEntity
  8
FASTENER
100
AcDbFace
 10
0.0
 20
0.0835
 30
-0.31199999999999994
 11
-0.04908006856642151
 21
0.06755291903030812
 31
-0.31199999999999994
 12
-0.04908006856642151
 22
0.06755291903030812
 32
-0.2879999999999999
 13
0.0
 23
0.0835
 33
-0.2879999999999999
  0
3DFACE
  5
262
330
17
100
AcDbEntity
  8
FASTENER
100
AcDbFace
 10
-0.04908006856642151
 20
0.06755291903030812
 30
-0.31199999999999994
 11
-0.07941321911064532
 21
0.025802919030308114
 31
-0.31199999999999994
 12
-0.07941321911064532
 22
0.025802919030308114
 32
-0.2879999999999999
 13
-0.04908006856642151
 23
0.06755291903030812
 33
-0.2879999999999999
  0
3DFACE
  5
263
330
17
100
AcDbEntity
  8
FASTENER
100
AcDbFace
 10
-0.07941321911064532
 20
0.025802919030308114
 30
-0.31199999999999994
 11
-0.07941321911064533
 21
-0.025802919030308104
 31
-0.31199999999999994
 12
-0.07941321911064533
 22
-0.025802919030308104
 32
-0.2879999999999999
 13
-0.07941321911064532
 23
0.025802919030308114
 33
-0.2879999999999999
  0
3DFACE
  5
264
330
17
100
AcDbEntity
  8
FASTENER
100
AcDbFace
 10
-0.07941321911064533
 20
-0.025802919030308104
 30
-0.31199999999999994
 11
-0.04908006856642152
 21
-0.0675529190303081
 31
-0.31199999999999994
 12
-0.04908006856642152
 22
-0.0675529190303081
 32
-0.2879999999999999
 13
-0.07941321911064533
 23
-0.025802919030308104
 33
-0.2879999999999999
  0
3DFACE
  5
265
330
17
100
AcDbEntity
  8
FASTENER
100
AcDbFace
 10
-0.04908006856642152
 20
-0.0675529190303081
 30
-0.31199999999999994
 11
-1.02258007728804e-17
 21
-0.0835
 31
-0.31199999999999994
 12
-1.02258007728804e-17
 22
-0.0835
 32
-0.2879999999999999
 13
-0.04908006856642152
 23
-0.0675529190303081
 33
-0.2879999999999999
  0
3DFACE
  5
266
330
17
100
AcDbEntity
  8
FASTENER
100
AcDbFace
 10
-1.02258007728804e-17
 20
-0.0835
 30
-0.31199999999999994
 11
0.0490800685664215
 21
-0.06755291903030812
 31
-0.31199999999999994
 12
0.0490800685664215
 22
-0.06755291903030812
 32
-0.2879999999999999
 13
-1.02258007728804e-17
 23
-0.0835
 33
-0.2879999999999999
  0
3DFACE
  5
267
330
17
100
AcDbEntity
  8
FASTENER
100
AcDbFace
 10
0.0490800685664215
 20
-0.06755291903030812
 30
-0.31199999999999994
 11
0.07941321911064532
 21
-0.025802919030308125
 31
-0.31199999999999994
 12
0.07941321911064532
 22
-0.025802919030308125
 32
-0.2879999999999999
 13
0.0490800685664215
 23
-0.06755291903030812
 33
-0.2879999999999999
  0
3DFACE
  5
268
330
17
100
AcDbEntity
  8
FASTENER
100
AcDbFace
 10
0.07941321911064532
 20
-0.025802919030308125
 30
-0.31199999999999994
 11
0.07941321911064533
 21
0.025802919030308093
 31
-0.31199999999999994
 12
0.07941321911064533
 22
0.025802919030308093
 32
-0.2879999999999999
 13
0.07941321911064532
 23
-0.025802919030308125
 33
-0.2879999999999999
  0
3DFACE
  5
269
330
17
100
AcDbEntity
  8
FASTENER
100
AcDbFace
 10
0.07941321911064533
 20
0.025802919030308093
 30
-0.31199999999999994
 11
0.049080068566421525
 21
0.0675529190303081
 31
-0.31199999999999994
 12
0.049080068566421525
 22
0.0675529190303081
 32
-0.2879999999999999
 13
0.07941321911064533
 23
0.025802919030308093
 33
-0.2879999999999999
  0
3DFACE
  5
26A
330
17
100
AcDbEntity
  8
FASTENER
100
AcDbFace
 10
0.049080068566421525
 20
0.0675529190303081
 30
-0.31199999999999994
 11
0.0
 21
0.0835
 31
-0.31199999999999994
 12
0.0
 22
0.0835
 32
-0.2879999999999999
 13
0.049080068566421525
 23
0.0675529190303081
 33
-0.2879999999999999
  0
3DFACE
  5
26B
330
17
100
AcDbEntity
  8
FASTENER
100
AcDbFace
 10
0.0
 20
0.0835
 30
-0.31199999999999994
 11
-0.04908006856642151
 21
0.06755291903030812
 31
-0.31199999999999994
 12
-0.07941321911064532
 22
0.025802919030308114
 32
-0.31199999999999994
 13
-0.07941321911064532
 23
0.025802919030308114
 33
-0.31199999999999994
  0
3DFACE
  5
26C
330
17
100
AcDbEntity
  8
FASTENER
100
AcDbFace
 10
0.0
 20
0.0835
 30
-0.2879999999999999
 11
-0.07941321911064532
 21
0.025802919030308114
 31
-0.2879999999999999
 12
-0.04908006856642151
 22
0.06755291903030812
 32
-0.2879999999999999
 13
-0.04908006856642151
 23
0.06755291903030812
 33
-0.2879999999999999
  0
3DFACE
  5
26D
330
17
100
AcDbEntity
  8
FASTENER
100
AcDbFace
 10
0.0
 20
0.0835
 30
-0.31199999999999994
 11
-0.07941321911064532
 21
0.025802919030308114
 31
-0.31199999999999994
 12
-0.07941321911064533
 22
-0.025802919030308104
 32
-0.31199999999999994
 13
-0.07941321911064533
 23
-0.025802919030308104
 33
-0.31199999999999994
  0
3DFACE
  5
26E
330
17
100
AcDbEntity
  8
FASTENER
100
AcDbFace
 10
0.0
 20
0.0835
 30
-0.2879999999999999
 11
-0.07941321911064533
 21
-0.025802919030308104
 31
-0.2879999999999999
 12
-0.07941321911064532
 22
0.025802919030308114
 32
-0.2879999999999999
 13
-0.07941321911064532
 23
0.025802919030308114
 33
-0.2879999999999999
  0
3DFACE
  5
26F
330
17
100
AcDbEntity
  8
FASTENER
100
AcDbFace
 10
0.0
 20
0.0835
 30
-0.31199999999999994
 11
-0.07941321911064533
 21
-0.025802919030308104
 31
-0.31199999999999994
 12
-0.04908006856642152
 22
-0.0675529190303081
 32
-0.31199999999999994
 13
-0.04908006856642152
 23
-0.0675529190303081
 33
-0.31199999999999994
  0
3DFACE
  5
270
330
17
100
AcDbEntity
  8
FASTENER
100
AcDbFace
 10
0.0
 20
0.0835
 30
-0.2879999999999999
 11
-0.04908006856642152
 21
-0.0675529190303081
 31
-0.2879999999999999
 12
-0.07941321911064533
 22
-0.025802919030308104
 32
-0.2879999999999999
 13
-0.07941321911064533
 23
-0.025802919030308104
 33
-0.2879999999999999
  0
3DFACE
  5
271
330
17
100
AcDbEntity
  8
FASTENER
100
AcDbFace
 10
0.0
 20
0.0835
 30
-0.31199999999999994
 11
-0.04908006856642152
 21
-0.0675529190303081
 31
-0.31199999999999994
 12
-1.02258007728804e-17
 22
-0.0835
 32
-0.31199999999999994
 13
-1.02258007728804e-17
 23
-0.0835
 33
-0.31199999999999994
  0
3DFACE
  5
272
330
17
100
AcDbEntity
  8
FASTENER
100
AcDbFace
 10
0.0
 20
0.0835
 30
-0.2879999999999999
 11
-1.02258007728804e-17
 21
-0.0835
 31
-0.2879999999999999
 12
-0.04908006856642152
 22
-0.0675529190303081
 32
-0.2879999999999999
 13
-0.04908006856642152
 23
-0.0675529190303081
 33
-0.2879999999999999
  0
3DFACE
  5
273
330
17
100
AcDbEntity
  8
FASTENER
100
AcDbFace
 10
0.0
 20
0.0835
 30
-0.31199999999999994
 11
-1.02258007728804e-17
 21
-0.0835
 31
-0.31199999999999994
 12
0.0490800685664215
 22
-0.06755291903030812
 32
-0.31199999999999994
 13
0.0490800685664215
 23
-0.06755291903030812
 33
-0.31199999999999994
  0
3DFACE
  5
274
330
17
100
AcDbEntity
  8
FASTENER
100
AcDbFace
 10
0.0
 20
0.0835
 30
-0.2879999999999999
 11
0.0490800685664215
 21
-0.06755291903030812
 31
-0.2879999999999999
 12
-1.02258007728804e-17
 22
-0.0835
 32
-0.2879999999999999
 13
-1.02258007728804e-17
 23
-0.0835
 33
-0.2879999999999999
  0
3DFACE
  5
275
330
17
100
AcDbEntity
  8
FASTENER
100
AcDbFace
 10
0.0
 20
0.0835
 30
-0.31199999999999994
 11
0.0490800685664215
 21
-0.06755291903030812
 31
-0.31199999999999994
 12
0.07941321911064532
 22
-0.025802919030308125
 32
-0.31199999999999994
 13
0.07941321911064532
 23
-0.025802919030308125
 33
-0.31199999999999994
  0
3DFACE
  5
276
330
17
100
AcDbEntity
  8
FASTENER
100
AcDbFace
 10
0.0
 20
0.0835
 30
-0.2879999999999999
 11
0.07941321911064532
 21
-0.025802919030308125
 31
-0.2879999999999999
 12
0.0490800685664215
 22
-0.06755291903030812
 32
-0.2879999999999999
 13
0.0490800685664215
 23
-0.06755291903030812
 33
-0.2879999999999999
  0
3DFACE
  5
277
330
17
100
AcDbEntity
  8
FASTENER
100
AcDbFace
 10
0.0
 20
0.0835
 30
-0.31199999999999994
 11
0.07941321911064532
 21
-0.025802919030308125
 31
-0.31199999999999994
 12
0.07941321911064533
 22
0.025802919030308093
 32
-0.31199999999999994
 13
0.07941321911064533
 23
0.025802919030308093
 33
-0.31199999999999994
  0
3DFACE
  5
278
330
17
100
AcDbEntity
  8
FASTENER
100
AcDbFace
 10
0.0
 20
0.0835
 30
-0.2879999999999999
 11
0.07941321911064533
 21
0.025802919030308093
 31
-0.2879999999999999
 12
0.07941321911064532
 22
-0.025802919030308125
 32
-0.2879999999999999
 13
0.07941321911064532
 23
-0.025802919030308125
 33
-0.2879999999999999
  0
3DFACE
  5
279
330
17
100
AcDbEntity
  8
FASTENER
100
AcDbFace
 10
0.0
 20
0.0835
 30
-0.31199999999999994
 11
0.07941321911064533
 21
0.025802919030308093
 31
-0.31199999999999994
 12
0.049080068566421525
 22
0.0675529190303081
 32
-0.31199999999999994
 13
0.049080068566421525
 23
0.0675529190303081
 33
-0.31199999999999994
  0
3DFACE
  5
27A
330
17
100
AcDbEntity
  8
FASTENER
100
AcDbFace
 10
0.0
 20
0.0835
 30
-0.2879999999999999
 11
0.049080068566421525
 21
0.0675529190303081
 31
-0.2879999999999999
 12
0.07941321911064533
 22
0.025802919030308093
 32
-0.2879999999999999
 13
0.07941321911064533
 23
0.025802919030308093
 33
-0.2879999999999999
  0
3DFACE
  5
27B
330
17
100
AcDbEntity
  8
FASTENER
100
AcDbFace
 10
0.0
 20
0.0835
 30
-0.18199999999999994
 11
-0.04908006856642151
 21
0.06755291903030812
 31
-0.18199999999999994
 12
-0.04908006856642151
 22
0.06755291903030812
 32
-0.15799999999999992
 13
0.0
 23
0.0835
 33
-0.15799999999999992
  0
3DFACE
  5
27C
330
17
100
AcDbEntity
  8
FASTENER
100
AcDbFace
 10
-0.04908006856642151
 20
0.06755291903030812
 30
-0.18199999999999994
 11
-0.07941321911064532
 21
0.025802919030308114
 31
-0.18199999999999994
 12
-0.07941321911064532
 22
0.025802919030308114
 32
-0.15799999999999992
 13
-0.04908006856642151
 23
0.06755291903030812
 33
-0.15799999999999992
  0
3DFACE
  5
27D
330
17
100
AcDbEntity
  8
FASTENER
100
AcDbFace
 10
-0.07941321911064532
 20
0.025802919030308114
 30
-0.18199999999999994
 11
-0.07941321911064533
 21
-0.025802919030308104
 31
-0.18199999999999994
 12
-0.07941321911064533
 22
-0.025802919030308104
 32
-0.15799999999999992
 13
-0.07941321911064532
 23
0.025802919030308114
 33
-0.15799999999999992
  0
3DFACE
  5
27E
330
17
100
AcDbEntity
  8
FASTENER
100
AcDbFace
 10
-0.07941321911064533
 20
-0.025802919030308104
 30
-0.18199999999999994
 11
-0.04908006856642152
 21
-0.0675529190303081
 31
-0.18199999999999994
 12
-0.04908006856642152
 22
-0.0675529190303081
 32
-0.15799999999999992
 13
-0.07941321911064533
 23
-0.025802919030308104
 33
-0.15799999999999992
  0
3DFACE
  5
27F
330
17
100
AcDbEntity
  8
FASTENER
100
AcDbFace
 10
-0.04908006856642152
 20
-0.0675529190303081
 30
-0.18199999999999994
 11
-1.02258007728804e-17
 21
-0.0835
 31
-0.18199999999999994
 12
-1.02258007728804e-17
 22
-0.0835
 32
-0.15799999999999992
 13
-0.04908006856642152
 23
-0.0675529190303081
 33
-0.15799999999999992
  0
3DFACE
  5
280
330
17
100
AcDbEntity
  8
FASTENER
100
AcDbFace
 10
-1.02258007728804e-17
 20
-0.0835
 30
-0.18199999999999994
 11
0.0490800685664215
 21
-0.06755291903030812
 31
-0.18199999999999994
 12
0.0490800685664215
 22
-0.06755291903030812
 32
-0.15799999999999992
 13
-1.02258007728804e-17
 23
-0.0835
 33
-0.15799999999999992
  0
3DFACE
  5
281
330
17
100
AcDbEntity
  8
FASTENER
100
AcDbFace
 10
0.0490800685664215
 20
-0.06755291903030812
 30
-0.18199999999999994
 11
0.07941321911064532
 21
-0.025802919030308125
 31
-0.18199999999999994
 12
0.07941321911064532
 22
-0.025802919030308125
 32
-0.15799999999999992
 13
0.0490800685664215
 23
-0.06755291903030812
 33
-0.15799999999999992
  0
3DFACE
  5
282
330
17
100
AcDbEntity
  8
FASTENER
100
AcDbFace
 10
0.07941321911064532
 20
-0.025802919030308125
 30
-0.18199999999999994
 11
0.07941321911064533
 21
0.025802919030308093
 31
-0.18199999999999994
 12
0.07941321911064533
 22
0.025802919030308093
 32
-0.15799999999999992
 13
0.07941321911064532
 23
-0.025802919030308125
 33
-0.15799999999999992
  0
3DFACE
  5
283
330
17
100
AcDbEntity
  8
FASTENER
100
AcDbFace
 10
0.07941321911064533
 20
0.025802919030308093
 30
-0.18199999999999994
 11
0.049080068566421525
 21
0.0675529190303081
 31
-0.18199999999999994
 12
0.049080068566421525
 22
0.0675529190303081
 32
-0.15799999999999992
 13
0.07941321911064533
 23
0.025802919030308093
 33
-0.15799999999999992
  0
3DFACE
  5
284
330
17
100
AcDbEntity
  8
FASTENER
100
AcDbFace
 10
0.049080068566421525
 20
0.0675529190303081
 30
-0.18199999999999994
 11
0.0
 21
0.0835
 31
-0.18199999999999994
 12
0.0
 22
0.0835
 32
-0.15799999999999992
 13
0.049080068566421525
 23
0.0675529190303081
 33
-0.15799999999999992
  0
3DFACE
  5
285
330
17
100
AcDbEntity
  8
FASTENER
100
AcDbFace
 10
0.0
 20
0.0835
 30
-0.18199999999999994
 11
-0.04908006856642151
 21
0.06755291903030812
 31
-0.18199999999999994
 12
-0.07941321911064532
 22
0.025802919030308114
 32
-0.18199999999999994
 13
-0.07941321911064532
 23
0.025802919030308114
 33
-0.18199999999999994
  0
3DFACE
  5
286
330
17
100
AcDbEntity
  8
FASTENER
100
AcDbFace
 10
0.0
 20
0.0835
 30
-0.15799999999999992
 11
-0.07941321911064532
 21
0.025802919030308114
 31
-0.15799999999999992
 12
-0.04908006856642151
 22
0.06755291903030812
 32
-0.15799999999999992
 13
-0.04908006856642151
 23
0.06755291903030812
 33
-0.15799999999999992
  0
3DFACE
  5
287
330
17
100
AcDbEntity
  8
FASTENER
100
AcDbFace
 10
0.0
 20
0.0835
 30
-0.18199999999999994
 11
-0.07941321911064532
 21
0.025802919030308114
 31
-0.18199999999999994
 12
-0.07941321911064533
 22
-0.025802919030308104
 32
-0.18199999999999994
 13
-0.07941321911064533
 23
-0.025802919030308104
 33
-0.18199999999999994
  0
3DFACE
  5
288
330
17
100
AcDbEntity
  8
FASTENER
100
AcDbFace
 10
0.0
 20
0.0835
 30
-0.15799999999999992
 11
-0.07941321911064533
 21
-0.025802919030308104
 31
-0.15799999999999992
 12
-0.07941321911064532
 22
0.025802919030308114
 32
-0.15799999999999992
 13
-0.07941321911064532
 23
0.025802919030308114
 33
-0.15799999999999992
  0
3DFACE
  5
289
330
17
100
AcDbEntity
  8
FASTENER
100
AcDbFace
 10
0.0
 20
0.0835
 30
-0.18199999999999994
 11
-0.07941321911064533
 21
-0.025802919030308104
 31
-0.18199999999999994
 12
-0.04908006856642152
 22
-0.0675529190303081
 32
-0.18199999999999994
 13
-0.04908006856642152
 23
-0.0675529190303081
 33
-0.18199999999999994
  0
3DFACE
  5
28A
330
17
100
AcDbEntity
  8
FASTENER
100
AcDbFace
 10
0.0
 20
0.0835
 30
-0.15799999999999992
 11
-0.04908006856642152
 21
-0.0675529190303081
 31
-0.15799999999999992
 12
-0.07941321911064533
 22
-0.025802919030308104
 32
-0.15799999999999992
 13
-0.07941321911064533
 23
-0.025802919030308104
 33
-0.15799999999999992
  0
3DFACE
  5
28B
330
17
100
AcDbEntity
  8
FASTENER
100
AcDbFace
 10
0.0
 20
0.0835
 30
-0.18199999999999994
 11
-0.04908006856642152
 21
-0.0675529190303081
 31
-0.18199999999999994
 12
-1.02258007728804e-17
 22
-0.0835
 32
-0.18199999999999994
 13
-1.02258007728804e-17
 23
-0.0835
 33
-0.18199999999999994
  0
3DFACE
  5
28C
330
17
100
AcDbEntity
  8
FASTENER
100
AcDbFace
 10
0.0
 20
0.0835
 30
-0.15799999999999992
 11
-1.02258007728804e-17
 21
-0.0835
 31
-0.15799999999999992
 12
-0.04908006856642152
 22
-0.0675529190303081
 32
-0.15799999999999992
 13
-0.04908006856642152
 23
-0.0675529190303081
 33
-0.15799999999999992
  0
3DFACE
  5
28D
330
17
100
AcDbEntity
  8
FASTENER
100
AcDbFace
 10
0.0
 20
0.0835
 30
-0.18199999999999994
 11
-1.02258007728804e-17
 21
-0.0835
 31
-0.18199999999999994
 12
0.0490800685664215
 22
-0.06755291903030812
 32
-0.18199999999999994
 13
0.0490800685664215
 23
-0.06755291903030812
 33
-0.18199999999999994
  0
3DFACE
  5
28E
330
17
100
AcDbEntity
  8
FASTENER
100
AcDbFace
 10
0.0
 20
0.0835
 30
-0.15799999999999992
 11
0.0490800685664215
 21
-0.06755291903030812
 31
-0.15799999999999992
 12
-1.02258007728804e-17
 22
-0.0835
 32
-0.15799999999999992
 13
-1.02258007728804e-17
 23
-0.0835
 33
-0.15799999999999992
  0
3DFACE
  5
28F
330
17
100
AcDbEntity
  8
FASTENER
100
AcDbFace
 10
0.0
 20
0.0835
 30
-0.18199999999999994
 11
0.0490800685664215
 21
-0.06755291903030812
 31
-0.18199999999999994
 12
0.07941321911064532
 22
-0.025802919030308125
 32
-0.18199999999999994
 13
0.07941321911064532
 23
-0.025802919030308125
 33
-0.18199999999999994
  0
3DFACE
  5
290
330
17
100
AcDbEntity
  8
FASTENER
100
AcDbFace
 10
0.0
 20
0.0835
 30
-0.15799999999999992
 11
0.07941321911064532
 21
-0.025802919030308125
 31
-0.15799999999999992
 12
0.0490800685664215
 22
-0.06755291903030812
 32
-0.15799999999999992
 13
0.0490800685664215
 23
-0.06755291903030812
 33
-0.15799999999999992
  0
3DFACE
  5
291
330
17
100
AcDbEntity
  8
FASTENER
100
AcDbFace
 10
0.0
 20
0.0835
 30
-0.18199999999999994
 11
0.07941321911064532
 21
-0.025802919030308125
 31
-0.18199999999999994
 12
0.07941321911064533
 22
0.025802919030308093
 32
-0.18199999999999994
 13
0.07941321911064533
 23
0.025802919030308093
 33
-0.18199999999999994
  0
3DFACE
  5
292
330
17
100
AcDbEntity
  8
FASTENER
100
AcDbFace
 10
0.0
 20
0.0835
 30
-0.15799999999999992
 11
0.07941321911064533
 21
0.025802919030308093
 31
-0.15799999999999992
 12
0.07941321911064532
 22
-0.025802919030308125
 32
-0.15799999999999992
 13
0.07941321911064532
 23
-0.025802919030308125
 33
-0.15799999999999992
  0
3DFACE
  5
293
330
17
100
AcDbEntity
  8
FASTENER
100
AcDbFace
 10
0.0
 20
0.0835
 30
-0.18199999999999994
 11
0.07941321911064533
 21
0.025802919030308093
 31
-0.18199999999999994
 12
0.049080068566421525
 22
0.0675529190303081
 32
-0.18199999999999994
 13
0.049080068566421525
 23
0.0675529190303081
 33
-0.18199999999999994
  0
3DFACE
  5
294
330
17
100
AcDbEntity
  8
FASTENER
100
AcDbFace
 10
0.0
 20
0.0835
 30
-0.15799999999999992
 11
0.049080068566421525
 21
0.0675529190303081
 31
-0.15799999999999992
 12
0.07941321911064533
 22
0.025802919030308093
 32
-0.15799999999999992
 13
0.07941321911064533
 23
0.025802919030308093
 33
-0.15799999999999992
  0
3DFACE
  5
295
330
17
100
AcDbEntity
  8
FASTENER
100
AcDbFace
 10
0.0
 20
0.0835
 30
-0.05199999999999992
 11
-0.04908006856642151
 21
0.06755291903030812
 31
-0.05199999999999992
 12
-0.04908006856642151
 22
0.06755291903030812
 32
-0.027999999999999924
 13
0.0
 23
0.0835
 33
-0.027999999999999924
  0
3DFACE
  5
296
330
17
100
AcDbEntity
  8
FASTENER
100
AcDbFace
 10
-0.04908006856642151
 20
0.06755291903030812
 30
-0.05199999999999992
 11
-0.07941321911064532
 21
0.025802919030308114
 31
-0.05199999999999992
 12
-0.07941321911064532
 22
0.025802919030308114
 32
-0.027999999999999924
 13
-0.04908006856642151
 23
0.06755291903030812
 33
-0.027999999999999924
  0
3DFACE
  5
297
330
17
100
AcDbEntity
  8
FASTENER
100
AcDbFace
 10
-0.07941321911064532
 20
0.025802919030308114
 30
-0.05199999999999992
 11
-0.07941321911064533
 21
-0.025802919030308104
 31
-0.05199999999999992
 12
-0.07941321911064533
 22
-0.025802919030308104
 32
-0.027999999999999924
 13
-0.07941321911064532
 23
0.025802919030308114
 33
-0.027999999999999924
  0
3DFACE
  5
298
330
17
100
AcDbEntity
  8
FASTENER
100
AcDbFace
 10
-0.07941321911064533
 20
-0.025802919030308104
 30
-0.05199999999999992
 11
-0.04908006856642152
 21
-0.0675529190303081
 31
-0.05199999999999992
 12
-0.04908006856642152
 22
-0.0675529190303081
 32
-0.027999999999999924
 13
-0.07941321911064533
 23
-0.025802919030308104
 33
-0.027999999999999924
  0
3DFACE
  5
299
330
17
100
AcDbEntity
  8
FASTENER
100
AcDbFace
 10
-0.04908006856642152
 20
-0.0675529190303081
 30
-0.05199999999999992
 11
-1.02258007728804e-17
 21
-0.0835
 31
-0.05199999999999992
 12
-1.02258007728804e-17
 22
-0.0835
 32
-0.027999999999999924
 13
-0.04908006856642152
 23
-0.0675529190303081
 33
-0.027999999999999924
  0
3DFACE
  5
29A
330
17
100
AcDbEntity
  8
FASTENER
100
AcDbFace
 10
-1.02258007728804e-17
 20
-0.0835
 30
-0.05199999999999992
 11
0.0490800685664215
 21
-0.06755291903030812
 31
-0.05199999999999992
 12
0.0490800685664215
 22
-0.06755291903030812
 32
-0.027999999999999924
 13
-1.02258007728804e-17
 23
-0.0835
 33
-0.027999999999999924
  0
3DFACE
  5
29B
330
17
100
AcDbEntity
  8
FASTENER
100
AcDbFace
 10
0.0490800685664215
 20
-0.06755291903030812
 30
-0.05199999999999992
 11
0.07941321911064532
 21
-0.025802919030308125
 31
-0.05199999999999992
 12
0.07941321911064532
 22
-0.025802919030308125
 32
-0.027999999999999924
 13
0.0490800685664215
 23
-0.06755291903030812
 33
-0.027999999999999924
  0
3DFACE
  5
29C
330
17
100
AcDbEntity
  8
FASTENER
100
AcDbFace
 10
0.07941321911064532
 20
-0.025802919030308125
 30
-0.05199999999999992
 11
0.07941321911064533
 21
0.025802919030308093
 31
-0.05199999999999992
 12
0.07941321911064533
 22
0.025802919030308093
 32
-0.027999999999999924
 13
0.07941321911064532
 23
-0.025802919030308125
 33
-0.027999999999999924
  0
3DFACE
  5
29D
330
17
100
AcDbEntity
  8
FASTENER
100
AcDbFace
 10
0.07941321911064533
 20
0.025802919030308093
 30
-0.05199999999999992
 11
0.049080068566421525
 21
0.0675529190303081
 31
-0.05199999999999992
 12
0.049080068566421525
 22
0.0675529190303081
 32
-0.027999999999999924
 13
0.07941321911064533
 23
0.025802919030308093
 33
-0.027999999999999924
  0
3DFACE
  5
29E
330
17
100
AcDbEntity
  8
FASTENER
100
AcDbFace
 10
0.049080068566421525
 20
0.0675529190303081
 30
-0.05199999999999992
 11
0.0
 21
0.0835
 31
-0.05199999999999992
 12
0.0
 22
0.0835
 32
-0.027999999999999924
 13
0.049080068566421525
 23
0.0675529190303081
 33
-0.027999999999999924
  0
3DFACE
  5
29F
330
17
100
AcDbEntity
  8
FASTENER
100
AcDbFace
 10
0.0
 20
0.0835
 30
-0.05199999999999992
 11
-0.04908006856642151
 21
0.06755291903030812
 31
-0.05199999999999992
 12
-0.07941321911064532
 22
0.025802919030308114
 32
-0.05199999999999992
 13
-0.07941321911064532
 23
0.025802919030308114
 33
-0.05199999999999992
  0
3DFACE
  5
2A0
330
17
100
AcDbEntity
  8
FASTENER
100
AcDbFace
 10
0.0
 20
0.0835
 30
-0.027999999999999924
 11
-0.07941321911064532
 21
0.025802919030308114
 31
-0.027999999999999924
 12
-0.04908006856642151
 22
0.06755291903030812
 32
-0.027999999999999924
 13
-0.04908006856642151
 23
0.06755291903030812
 33
-0.027999999999999924
  0
3DFACE
  5
2A1
330
17
100
AcDbEntity
  8
FASTENER
100
AcDbFace
 10
0.0
 20
0.0835
 30
-0.05199999999999992
 11
-0.07941321911064532
 21
0.025802919030308114
 31
-0.05199999999999992
 12
-0.07941321911064533
 22
-0.025802919030308104
 32
-0.05199999999999992
 13
-0.07941321911064533
 23
-0.025802919030308104
 33
-0.05199999999999992
  0
3DFACE
  5
2A2
330
17
100
AcDbEntity
  8
FASTENER
100
AcDbFace
 10
0.0
 20
0.0835
 30
-0.027999999999999924
 11
-0.07941321911064533
 21
-0.025802919030308104
 31
-0.027999999999999924
 12
-0.07941321911064532
 22
0.025802919030308114
 32
-0.027999999999999924
 13
-0.07941321911064532
 23
0.025802919030308114
 33
-0.027999999999999924
  0
3DFACE
  5
2A3
330
17
100
AcDbEntity
  8
FASTENER
100
AcDbFace
 10
0.0
 20
0.0835
 30
-0.05199999999999992
 11
-0.07941321911064533
 21
-0.025802919030308104
 31
-0.05199999999999992
 12
-0.04908006856642152
 22
-0.0675529190303081
 32
-0.05199999999999992
 13
-0.04908006856642152
 23
-0.0675529190303081
 33
-0.05199999999999992
  0
3DFACE
  5
2A4
330
17
100
AcDbEntity
  8
FASTENER
100
AcDbFace
 10
0.0
 20
0.0835
 30
-0.027999999999999924
 11
-0.04908006856642152
 21
-0.0675529190303081
 31
-0.027999999999999924
 12
-0.07941321911064533
 22
-0.025802919030308104
 32
-0.027999999999999924
 13
-0.07941321911064533
 23
-0.025802919030308104
 33
-0.027999999999999924
  0
3DFACE
  5
2A5
330
17
100
AcDbEntity
  8
FASTENER
100
AcDbFace
 10
0.0
 20
0.0835
 30
-0.05199999999999992
 11
-0.04908006856642152
 21
-0.0675529190303081
 31
-0.05199999999999992
 12
-1.02258007728804e-17
 22
-0.0835
 32
-0.05199999999999992
 13
-1.02258007728804e-17
 23
-0.0835
 33
-0.05199999999999992
  0
3DFACE
  5
2A6
330
17
100
AcDbEntity
  8
FASTENER
100
AcDbFace
 10
0.0
 20
0.0835
 30
-0.027999999999999924
 11
-1.02258007728804e-17
 21
-0.0835
 31
-0.027999999999999924
 12
-0.04908006856642152
 22
-0.0675529190303081
 32
-0.027999999999999924
 13
-0.04908006856642152
 23
-0.0675529190303081
 33
-0.027999999999999924
  0
3DFACE
  5
2A7
330
17
100
AcDbEntity
  8
FASTENER
100
AcDbFace
 10
0.0
 20
0.0835
 30
-0.05199999999999992
 11
-1.02258007728804e-17
 21
-0.0835
 31
-0.05199999999999992
 12
0.0490800685664215
 22
-0.06755291903030812
 32
-0.05199999999999992
 13
0.0490800685664215
 23
-0.06755291903030812
 33
-0.05199999999999992
  0
3DFACE
  5
2A8
330
17
100
AcDbEntity
  8
FASTENER
100
AcDbFace
 10
0.0
 20
0.0835
 30
-0.027999999999999924
 11
0.0490800685664215
 21
-0.06755291903030812
 31
-0.027999999999999924
 12
-1.02258007728804e-17
 22
-0.0835
 32
-0.027999999999999924
 13
-1.02258007728804e-17
 23
-0.0835
 33
-0.027999999999999924
  0
3DFACE
  5
2A9
330
17
100
AcDbEntity
  8
FASTENER
100
AcDbFace
 10
0.0
 20
0.0835
 30
-0.05199999999999992
 11
0.0490800685664215
 21
-0.06755291903030812
 31
-0.05199999999999992
 12
0.07941321911064532
 22
-0.025802919030308125
 32
-0.05199999999999992
 13
0.07941321911064532
 23
-0.025802919030308125
 33
-0.05199999999999992
  0
3DFACE
  5
2AA
330
17
100
AcDbEntity
  8
FASTENER
100
AcDbFace
 10
0.0
 20
0.0835
 30
-0.027999999999999924
 11
0.07941321911064532
 21
-0.025802919030308125
 31
-0.027999999999999924
 12
0.0490800685664215
 22
-0.06755291903030812
 32
-0.027999999999999924
 13
0.0490800685664215
 23
-0.06755291903030812
 33
-0.027999999999999924
  0
3DFACE
  5
2AB
330
17
100
AcDbEntity
  8
FASTENER
100
AcDbFace
 10
0.0
 20
0.0835
 30
-0.05199999999999992
 11
0.07941321911064532
 21
-0.025802919030308125
 31
-0.05199999999999992
 12
0.07941321911064533
 22
0.025802919030308093
 32
-0.05199999999999992
 13
0.07941321911064533
 23
0.025802919030308093
 33
-0.05199999999999992
  0
3DFACE
  5
2AC
330
17
100
AcDbEntity
  8
FASTENER
100
AcDbFace
 10
0.0
 20
0.0835
 30
-0.027999999999999924
 11
0.07941321911064533
 21
0.025802919030308093
 31
-0.027999999999999924
 12
0.07941321911064532
 22
-0.025802919030308125
 32
-0.027999999999999924
 13
0.07941321911064532
 23
-0.025802919030308125
 33
-0.027999999999999924
  0
3DFACE
  5
2AD
330
17
100
AcDbEntity
  8
FASTENER
100
AcDbFace
 10
0.0
 20
0.0835
 30
-0.05199999999999992
 11
0.07941321911064533
 21
0.025802919030308093
 31
-0.05199999999999992
 12
0.049080068566421525
 22
0.0675529190303081
 32
-0.05199999999999992
 13
0.049080068566421525
 23
0.0675529190303081
 33
-0.05199999999999992
  0
3DFACE
  5
2AE
330
17
100
AcDbEntity
  8
FASTENER
100
AcDbFace
 10
0.0
 20
0.0835
 30
-0.027999999999999924
 11
0.049080068566421525
 21
0.0675529190303081
 31
-0.027999999999999924
 12
0.07941321911064533
 22
0.025802919030308093
 32
-0.027999999999999924
 13
0.07941321911064533
 23
0.025802919030308093
 33
-0.027999999999999924
  0
ENDSEC
  0
SECTION
  2
OBJECTS
  0
DICTIONARY
  5
A
330
0
100
AcDbDictionary
281
1
  3
ACAD_COLOR
350
B
  3
ACAD_GROUP
350
C
  3
ACAD_LAYOUT
350
D
  3
ACAD_MATERIAL
350
E
  3
ACAD_MLEADERSTYLE
350
F
  3
ACAD_MLINESTYLE
350
10
  3
ACAD_PLOTSETTINGS
350
11
  3
ACAD_PLOTSTYLENAME
350
12
  3
ACAD_SCALELIST
350
14
  3
ACAD_TABLESTYLE
350
15
  3
ACAD_VISUALSTYLE
350
16
  3
EZDXF_META
350
2D
  0
DICTIONARY
  5
B
330
A
100
AcDbDictionary
281
1
  0
DICTIONARY
  5
C
330
A
100
AcDbDictionary
281
1
  0
DICTIONARY
  5
D
330
A
100
AcDbDictionary
281
1
  3
Model
350
1A
  3
Layout1
350
1E
  0
DICTIONARY
  5
E
330
A
100
AcDbDictionary
281
1
  3
ByBlock
350
1F
  3
ByLayer
350
20
  3
Global
350
21
  0
DICTIONARY
  5
F
330
A
100
AcDbDictionary
281
1
  3
Standard
350
2C
  0
DICTIONARY
  5
10
330
A
100
AcDbDictionary
281
1
  3
Standard
350
22
  0
DICTIONARY
  5
11
330
A
100
AcDbDictionary
281
1
  0
ACDBDICTIONARYWDFLT
  5
12
330
A
100
AcDbDictionary
281
1
  3
Normal
350
13
100
AcDbDictionaryWithDefault
340
13
  0
ACDBPLACEHOLDER
  5
13
330
12
  0
DICTIONARY
  5
14
330
A
100
AcDbDictionary
281
1
  0
DICTIONARY
  5
15
330
A
100
AcDbDictionary
281
1
  0
DICTIONARY
  5
16
330
A
100
AcDbDictionary
281
1
  0
LAYOUT
  5
1A
330
D
100
AcDbPlotSettings
  1

  4
A3
  6

 40
7.5
 41
20.0
 42
7.5
 43
20.0
 44
420.0
 45
297.0
 46
0.0
 47
0.0
 48
0.0
 49
0.0
140
0.0
141
0.0
142
1.0
143
1.0
 70
1024
 72
1
 73
0
 74
5
  7

 75
16
 76
0
 77
2
 78
300
147
1.0
148
0.0
149
0.0
100
AcDbLayout
  1
Model
 70
1
 71
0
 10
0.0
 20
0.0
 11
420.0
 21
297.0
 12
0.0
 22
0.0
 32
0.0
 14
1e+20
 24
1e+20
 34
1e+20
 15
-1e+20
 25
-1e+20
 35
-1e+20
146
0.0
 13
0.0
 23
0.0
 33
0.0
 16
1.0
 26
0.0
 36
0.0
 17
0.0
 27
1.0
 37
0.0
 76
1
330
17
  0
LAYOUT
  5
1E
330
D
100
AcDbPlotSettings
  1

  4
A3
  6

 40
7.5
 41
20.0
 42
7.5
 43
20.0
 44
420.0
 45
297.0
 46
0.0
 47
0.0
 48
0.0
 49
0.0
140
0.0
141
0.0
142
1.0
143
1.0
 70
0
 72
1
 73
0
 74
5
  7

 75
16
 76
0
 77
2
 78
300
147
1.0
148
0.0
149
0.0
100
AcDbLayout
  1
Layout1
 70
1
 71
1
 10
0.0
 20
0.0
 11
420.0
 21
297.0
 12
0.0
 22
0.0
 32
0.0
 14
1e+20
 24
1e+20
 34
1e+20
 15
-1e+20
 25
-1e+20
 35
-1e+20
146
0.0
 13
0.0
 23
0.0
 33
0.0
 16
1.0
 26
0.0
 36
0.0
 17
0.0
 27
1.0
 37
0.0
 76
1
330
1B
  0
MATERIAL
  5
1F
102
{ACAD_REACTORS
330
E
102
}
330
E
100
AcDbMaterial
  1
ByBlock
  2

 70
0
 40
1.0
 71
1
 41
1.0
 91
-1023410177
 42
1.0
 72
1
  3

 73
1
 74
1
 75
1
 44
0.5
 73
0
 45
1.0
 46
1.0
 77
1
  4

 78
1
 79
1
170
1
 48
1.0
171
1
  6

172
1
173
1
174
1
140
1.0
141
1.0
175
1
  7

176
1
177
1
178
1
143
1.0
179
1
  8

270
1
271
1
272
1
145
1.0
146
1.0
273
1
  9

274
1
275
1
276
1
 42
1.0
 72
1
  3

 73
1
 74
1
 75
1
 94
63
  0
MATERIAL
  5
20
102
{ACAD_REACTORS
330
E
102
}
330
E
100
AcDbMaterial
  1
ByLayer
  2

 70
0
 40
1.0
 71
1
 41
1.0
 91
-1023410177
 42
1.0
 72
1
  3

 73
1
 74
1
 75
1
 44
0.5
 73
0
 45
1.0
 46
1.0
 77
1
  4

 78
1
 79
1
170
1
 48
1.0
171
1
  6

172
1
173
1
174
1
140
1.0
141
1.0
175
1
  7

176
1
177
1
178
1
143
1.0
179
1
  8

270
1
271
1
272
1
145
1.0
146
1.0
273
1
  9

274
1
275
1
276
1
 42
1.0
 72
1
  3

 73
1
 74
1
 75
1
 94
63
  0
MATERIAL
  5
21
102
{ACAD_REACTORS
330
E
102
}
330
E
100
AcDbMaterial
  1
Global
  2

 70
0
 40
1.0
 71
1
 41
1.0
 91
-1023410177
 42
1.0
 72
1
  3

 73
1
 74
1
 75
1
 44
0.5
 73
0
 45
1.0
 46
1.0
 77
1
  4

 78
1
 79
1
170
1
 48
1.0
171
1
  6

172
1
173
1
174
1
140
1.0
141
1.0
175
1
  7

176
1
177
1
178
1
143
1.0
179
1
  8

270
1
271
1
272
1
145
1.0
146
1.0
273
1
  9

274
1
275
1
276
1
 42
1.0
 72
1
  3

 73
1
 74
1
 75
1
 94
63
  0
MLINESTYLE
  5
22
102
{ACAD_REACTORS
330
10
102
}
330
10
100
AcDbMlineStyle
  2
Standard
 70
0
  3

 62
256
 51
90.0
 52
90.0
 71
2
 49
0.5
 62
256
  6
BYLAYER
 49
-0.5
 62
256
  6
BYLAYER
  0
MLEADERSTYLE
  5
2C
102
{ACAD_REACTORS
330
F
102
}
330
F
100
AcDbMLeaderStyle
179
2
170
2
171
1
172
0
 90
2
 40
0.0
 41
0.0
173
1
 91
-1056964608
 92
-2
290
1
 42
2.0
291
1
 43
8.0
  3
Standard
 44
4.0
300

342
29
174
1
175
1
176
0
178
1
 93
-1056964608
 45
4.0
292
0
297
0
 46
4.0
 94
-1056964608
 47
1.0
 49
1.0
140
1.0
294
1
141
0.0
177
0
142
1.0
295
0
296
0
143
3.75
271
0
272
9
273
9
  0
DICTIONARY
  5
2D
330
A
100
AcDbDictionary
280
1
281
1
  3
CREATED_BY_EZDXF
350
2E
  3
WRITTEN_BY_EZDXF
350
2B1
  0
DICTIONARYVAR
  5
2E
330
2D
100
DictionaryVariables
280
0
  1
1.4.4 @ 2026-10-08T15:16:21.599049+00:00
  0
DICTIONARYVAR
  5
2B1
330
2D
100
DictionaryVariables
280
0
  1
1.4.4 @ 2026-10-08T15:16:21.614505+00:00
  0
ENDSEC
  0
EOF
